COUNTRY,SEX,YEAR,life_expectancy,average_number_of_calories_available_per_person_per_day,unemployment_rate,regular_daily_smokers,adult_overweight,alcahol_consumption_liter_per_capita,fat_available_ppd,protein_ppd,average_fruit_vegtable_ppd
Austria,ALL,2000.0,78.47,2223.0,5.6,29.5,33.3,1.17,44.85,66.11,128.8
Austria,ALL,2001.0,78.95,2242.0,5.1,40.1,33.8,0.91,46.06,66.12,121.44
Austria,ALL,2002.0,79.01,2156.0,3.6,24.7,34.2,1.04,43.14,64.58,115.27
Austria,ALL,2003.0,78.89,2270.0,4.4,34.9,34.7,1.04,48.29,65.59,127.38
Austria,ALL,2004.0,79.43,2254.0,5.7,39.0,35.1,1.03,44.41,66.63,120.52
Austria,ALL,2005.0,79.66,2254.0,6.7,38.0,35.6,1.17,47.17,64.92,104.88
Austria,ALL,2006.0,80.19,2262.0,6.4,29.85,36.1,1.44,47.3,66.39,94.52
Austria,ALL,2007.0,80.46,2343.0,6.1,23.95,36.5,1.73,47.92,67.72,97.69
Austria,ALL,2008.0,80.72,2404.0,7.0,35.9,37.0,1.77,48.66,68.97,103.86
Austria,ALL,2009.0,80.57,2415.0,7.3,36.0,37.5,1.2,52.08,69.46,124.14
Austria,ALL,2010.0,80.88,2360.0,9.5,30.54,38.0,1.56,48.85,69.16,112.7
Austria,ALL,2011.0,81.27,2388.0,9.1,29.0,38.5,1.59,44.39,70.68,115.86
Austria,ALL,2012.0,81.19,2432.0,27.0,35.3,39.0,1.58,48.88,71.02,118.04
Austria,ALL,2013.0,81.4,2494.0,22.0,28.4,39.5,1.35,51.92,72.73,118.42
Austria,ALL,2014.0,81.79,2494.0,18.0,27.3,40.0,1.33,54.15,71.49,111.78
Austria,ALL,2015.0,81.45,2680.0,13.1,27.0,49.84,1.37,57.69,77.71,127.64
Austria,ALL,2016.0,81.93,2776.0,12.0,27.0,50.07,1.65,59.44,81.38,127.25
Austria,ALL,2017.0,81.87,2689.0,14.9,26.8,50.29,1.4,57.5,79.4,131.84
Austria,ALL,2018.0,81.91,2607.0,17.7,26.8,50.52,1.79,61.12,75.79,125.82
Austria,ALL,2019.0,82.16,2596.0,18.4,26.8,50.75,1.84,58.53,75.89,115.17
Austria,ALL,2020.0,81.49,2676.0,16.8,23.0,50.99,1.51,60.54,79.11,121.39
Austria,ALL,2021.0,81.42,2664.0,16.4,23.0,51.24,1.68,57.83,79.05,131.72
Belgium,ALL,2000.0,77.96,2798.0,15.8,23.0,51.52,1.58,63.25,82.78,137.43
Belgium,ALL,2001.0,78.32,2721.0,15.0,26.2,51.84,1.6,60.42,80.89,122.08
Belgium,ALL,2002.0,78.32,2565.0,14.4,26.2,52.18,1.39,56.8,76.32,109.01
Belgium,ALL,2003.0,78.45,2690.0,14.1,26.2,52.56,1.63,57.23,79.89,113.36
Belgium,ALL,2004.0,79.11,2497.0,13.8,25.2,52.97,1.67,57.36,73.83,105.39
Belgium,ALL,2005.0,79.19,2594.0,13.4,24.9,53.41,1.73,59.15,77.26,86.61
Belgium,ALL,2006.0,79.79,2569.0,15.6,27.5,53.87,2.03,61.2,77.02,106.55
Belgium,ALL,2007.0,79.9,2568.0,17.9,35.0,54.34,1.28,60.92,77.62,111.67
Belgium,ALL,2008.0,80.0,2572.0,17.5,24.0,54.81,1.35,68.58,78.73,114.32
Belgium,ALL,2009.0,80.28,2654.0,15.2,36.3,55.3,1.49,69.9,85.19,149.48
Belgium,ALL,2010.0,80.3,2795.0,13.7,23.2,55.78,2.77,74.06,88.74,182.56
Belgium,ALL,2011.0,80.66,2877.0,12.3,24.3,56.25,2.87,74.98,94.08,194.85
Belgium,ALL,2012.0,80.51,2717.0,11.5,20.6,56.71,3.12,78.01,89.77,183.6
Belgium,ALL,2013.0,80.79,2843.0,11.7,26.5,57.16,2.22,82.86,94.47,211.47
Belgium,ALL,2014.0,81.51,2725.0,11.5,20.4,57.6,1.54,73.15,89.03,190.31
Belgium,ALL,2015.0,81.19,2725.0,0.9,19.6,58.02,2.19,74.79,88.42,210.85
Belgium,ALL,2016.0,81.65,2797.0,3.0,19.0,58.44,3.92,76.82,92.76,212.01
Belgium,ALL,2017.0,81.7,2734.0,3.7,19.3,58.85,4.51,75.56,90.39,227.3
Belgium,ALL,2018.0,81.81,2803.0,6.0,17.9,59.27,3.96,79.98,92.83,246.32
Belgium,ALL,2019.0,82.21,2864.0,6.2,18.2,59.7,4.33,81.06,97.92,259.42
Belgium,ALL,2020.0,80.91,2772.0,5.3,17.7,60.11,4.42,82.36,95.79,277.22
Bulgaria,ALL,2000.0,71.71,2792.0,3.9,17.7,60.52,4.98,88.72,95.27,278.88
Bulgaria,ALL,2001.0,71.91,2874.0,3.3,17.1,60.93,5.17,88.6,98.24,288.85
Bulgaria,ALL,2002.0,72.16,2855.0,2.4,17.0,61.33,5.46,91.55,97.63,301.08
Bulgaria,ALL,2003.0,72.39,2860.0,1.8,16.7,61.74,5.56,91.29,97.28,304.29
Bulgaria,ALL,2004.0,72.6,2947.0,2.1,16.7,62.16,5.79,95.42,101.95,325.0
Bulgaria,ALL,2005.0,72.59,2993.0,2.9,18.4,46.1,4.88,101.91,101.91,327.54
Bulgaria,ALL,2006.0,72.76,3184.0,3.3,18.2,47.0,5.03,103.83,105.59,380.79
Bulgaria,ALL,2007.0,73.07,3237.0,2.1,17.0,47.9,4.43,104.87,108.04,401.45
Bulgaria,ALL,2008.0,73.41,3288.0,1.5,16.2,48.8,4.28,108.04,108.89,409.7
Bulgaria,ALL,2009.0,73.77,3293.0,6.3,15.9,49.6,4.1,108.13,110.29,412.12
Bulgaria,ALL,2010.0,73.81,3266.0,7.5,40.0,50.4,4.33,110.82,109.59,417.63
Bulgaria,ALL,2011.0,74.23,3280.0,6.7,37.0,51.1,4.38,111.67,111.67,431.24
Bulgaria,ALL,2012.0,74.44,3322.0,9.3,36.0,51.9,4.39,116.65,114.32,470.82
Bulgaria,ALL,2013.0,74.96,3326.0,10.8,35.0,52.6,4.44,118.83,114.72,474.24
Bulgaria,ALL,2014.0,74.57,3296.0,9.4,35.0,53.2,4.4,116.34,112.89,472.9
Bulgaria,ALL,2015.0,74.71,3338.0,11.1,32.0,53.9,12.77,115.99,116.02,511.1
Bulgaria,ALL,2016.0,74.94,2184.0,11.7,32.0,54.5,13.08,31.49,63.58,193.79
Bulgaria,ALL,2017.0,74.88,2099.0,10.4,32.0,55.0,12.16,27.49,58.53,136.38
Bulgaria,ALL,2018.0,75.02,2181.0,9.4,32.0,55.5,12.25,38.89,61.59,185.47
Bulgaria,ALL,2019.0,75.19,2270.0,9.7,29.0,56.0,12.23,43.79,61.64,196.69
Bulgaria,ALL,2020.0,73.63,2320.0,9.6,26.0,43.46,11.82,44.11,63.29,201.82
Bulgaria,ALL,2021.0,71.4,2330.0,8.2,25.0,43.69,11.89,44.3,64.89,167.94
Cyprus,ALL,2000.0,77.89,2320.0,7.4,26.0,43.92,11.53,38.36,66.31,174.59
Cyprus,ALL,2001.0,79.35,2288.0,6.7,28.0,44.17,10.96,38.32,66.5,179.15
Cyprus,ALL,2002.0,77.3,2236.0,6.3,30.0,44.43,10.86,41.35,65.33,168.56
Cyprus,ALL,2003.0,79.66,2239.0,7.1,25.5,44.72,10.53,42.67,65.25,172.68
Cyprus,ALL,2004.0,79.83,2259.0,6.9,27.0,45.02,10.46,48.74,66.3,203.88
Cyprus,ALL,2005.0,79.23,2432.0,6.2,29.0,45.34,10.33,57.49,70.15,228.47
Cyprus,ALL,2006.0,80.65,2554.0,17.3,31.0,45.66,10.06,55.95,75.06,264.71
Cyprus,ALL,2007.0,80.48,2668.0,16.2,28.0,45.99,9.88,63.01,77.37,339.04
Cyprus,ALL,2008.0,81.17,2757.0,17.6,29.0,46.31,11.02,66.44,80.89,387.62
Cyprus,ALL,2009.0,81.59,2761.0,18.5,27.0,46.65,11.18,76.62,82.22,420.61
Cyprus,ALL,2010.0,82.2,2869.0,18.0,24.0,47.0,11.18,81.67,87.6,437.14
Cyprus,ALL,2011.0,81.92,2819.0,17.8,20.0,47.33,10.72,77.87,84.58,442.32
Cyprus,ALL,2012.0,81.77,2912.0,16.3,22.0,47.64,10.99,86.94,87.43,350.91
Cyprus,ALL,2013.0,82.55,2946.0,17.9,22.0,47.91,3.18,92.88,90.79,399.86
Cyprus,ALL,2014.0,82.39,2972.0,18.1,20.5,48.11,2.98,95.49,90.93,463.41
Cyprus,ALL,2015.0,81.67,3020.0,15.46,19.0,48.23,2.52,98.47,93.28,464.66
Cyprus,ALL,2016.0,82.74,3069.0,13.0,15.4,48.3,2.71,96.99,97.48,501.55
Cyprus,ALL,2017.0,82.1,3090.0,2.4,31.4,48.32,4.34,96.13,97.44,521.11
Cyprus,ALL,2018.0,82.72,3051.0,1.5,33.0,48.3,2.98,94.73,97.19,446.3
Cyprus,ALL,2019.0,82.25,3072.0,1.3,33.0,48.26,2.92,95.9,97.7,433.54
Cyprus,ALL,2020.0,82.35,3074.0,1.2,33.6,48.24,2.84,99.89,97.38,329.13
Cyprus,ALL,2021.0,81.39,3022.0,1.42,35.6,48.2,1.9,115.83,94.29,326.29
Czechia,ALL,2000.0,75.21,3191.0,1.85,32.7,48.15,2.16,111.74,88.77,200.63
Czechia,ALL,2001.0,75.49,3193.0,1.91,39.7,48.12,2.91,114.61,89.72,180.36
Czechia,ALL,2002.0,75.51,3248.0,1.7,29.2,48.11,2.87,118.99,90.36,201.85
Czechia,ALL,2003.0,75.4,3270.0,2.19,28.2,48.12,2.87,121.53,91.18,198.13
Czechia,ALL,2004.0,75.96,3220.0,2.22,29.1,48.13,3.0,120.73,89.69,176.97
Czechia,ALL,2005.0,76.18,3232.0,2.0,37.6,48.13,3.73,120.98,89.06,191.96
Czechia,ALL,2006.0,76.82,3194.0,2.67,14.3,48.14,4.17,120.99,88.97,182.76
Czechia,ALL,2007.0,77.1,3221.0,3.67,14.3,48.16,3.99,121.95,89.79,185.68
Czechia,ALL,2008.0,77.42,3153.0,4.16,14.3,48.17,3.91,122.43,89.23,181.11
Czechia,ALL,2009.0,77.5,3217.0,3.8,14.3,33.9,3.96,124.69,89.37,181.74
Czechia,ALL,2010.0,77.81,3230.0,3.6,14.3,34.6,3.97,127.19,90.05,180.52
Czechia,ALL,2011.0,78.06,3207.0,3.13,14.3,35.2,4.23,129.14,90.65,172.82
Czechia,ALL,2012.0,78.24,3294.0,3.82,40.7,35.9,4.07,132.34,91.07,195.94
Czechia,ALL,2013.0,78.4,3201.0,3.56,40.7,36.5,3.89,128.22,89.4,183.85
Czechia,ALL,2014.0,79.02,3142.0,3.16,40.7,37.1,3.92,128.62,90.55,199.59
Czechia,ALL,2015.0,78.77,3243.0,3.25,27.5,37.7,4.22,136.75,92.45,189.28
Czechia,ALL,2016.0,79.25,3192.0,3.46,27.9,38.3,4.04,135.68,91.17,193.8
Czechia,ALL,2017.0,79.16,3213.0,3.61,26.4,38.9,3.83,137.67,93.14,192.64
Czechia,ALL,2018.0,79.21,3283.0,4.2,26.6,39.4,3.83,142.14,94.76,212.92
Czechia,ALL,2019.0,79.45,3355.0,3.54,26.3,39.9,3.69,147.52,94.95,210.32
Czechia,ALL,2020.0,78.37,3348.0,3.66,26.3,40.4,3.77,149.6,96.98,195.52
Czechia,ALL,2021.0,77.28,3400.0,4.13,26.9,40.9,8.91,152.16,95.82,225.05
Germany,ALL,2000.0,78.41,3360.0,4.21,26.3,41.4,9.31,151.81,95.85,177.46
Germany,ALL,2001.0,78.75,3361.0,4.22,26.6,41.9,9.7,151.61,95.98,191.14
Germany,ALL,2002.0,78.75,3374.0,3.72,27.3,38.38,9.8,154.35,96.06,181.15
Germany,ALL,2003.0,78.72,3429.0,3.51,27.4,38.9,10.7,154.91,97.74,203.39
Germany,ALL,2004.0,79.36,3420.0,3.57,28.2,39.45,11.6,154.49,98.73,194.3
Germany,ALL,2005.0,79.54,3422.0,3.99,28.0,40.02,12.4,150.73,97.91,207.48
Germany,ALL,2006.0,79.99,3478.0,4.28,27.5,40.59,13.1,155.64,100.62,216.46
Germany,ALL,2007.0,80.21,3510.0,5.5,27.5,41.15,13.2,156.24,102.46,208.24
Germany,ALL,2008.0,80.29,3556.0,5.6,27.0,41.72,13.0,159.23,103.15,209.1
Germany,ALL,2009.0,80.41,3546.0,5.3,26.7,42.29,13.4,161.42,103.95,212.51
Germany,ALL,2010.0,80.63,3508.0,4.9,27.0,42.86,13.6,159.35,102.52,231.78
Germany,ALL,2011.0,80.95,3557.0,4.1,25.9,43.44,14.2,158.71,104.88,222.75
Germany,ALL,2012.0,81.08,3510.0,5.3,25.1,44.02,14.6,152.79,100.54,200.16
Germany,ALL,2013.0,80.71,3551.0,4.8,24.4,44.6,14.5,155.92,103.21,181.51
Germany,ALL,2014.0,81.26,3494.0,4.6,24.0,45.18,14.1,156.7,100.08,200.73
Germany,ALL,2015.0,80.85,3608.0,4.9,23.2,45.76,14.3,156.33,103.98,165.32
Germany,ALL,2016.0,81.17,3673.0,5.4,23.9,46.34,14.2,157.23,105.49,205.56
Germany,ALL,2017.0,81.2,3726.0,5.6,23.8,46.91,14.0,159.02,106.03,209.26
Germany,ALL,2019.0,81.46,3728.0,5.7,23.3,47.48,13.4,160.66,106.89,224.27
Germany,ALL,2020.0,81.24,3652.0,6.0,21.7,48.05,13.6,154.28,106.05,211.71
Denmark,ALL,2000.0,77.21,3609.0,5.5,23.0,48.61,13.5,151.28,102.09,231.58
Denmark,ALL,2001.0,77.3,3606.0,4.9,28.2,49.16,13.5,155.6,100.49,243.2
Denmark,ALL,2002.0,77.27,3640.0,4.5,30.0,49.7,14.0,152.26,102.69,236.85
Denmark,ALL,2003.0,77.58,3719.0,5.4,33.0,50.23,13.9,162.3,101.46,238.95
Denmark,ALL,2004.0,77.98,3737.0,9.2,24.0,50.75,13.3,162.77,103.67,245.56
Denmark,ALL,2005.0,78.44,3717.0,4.8,27.0,51.26,13.6,161.86,101.78,258.5
Denmark,ALL,2006.0,78.5,3723.0,5.1,22.0,51.75,13.5,167.82,102.36,231.75
Denmark,ALL,2007.0,78.61,3724.0,0.1,20.0,52.24,13.7,174.21,106.24,180.12
Denmark,ALL,2008.0,78.98,3763.0,0.2,19.0,52.71,13.9,173.28,107.3,186.19
Denmark,ALL,2009.0,79.2,3740.0,0.5,20.37,53.17,13.9,172.79,102.78,192.7
Denmark,ALL,2010.0,79.52,3718.0,0.7,19.1,53.62,14.1,171.68,105.03,180.54
Denmark,ALL,2011.0,80.07,3672.0,0.8,16.1,54.07,13.6,162.15,106.52,191.5
Denmark,ALL,2012.0,80.39,3664.0,0.9,30.2,54.52,13.5,163.65,107.08,178.9
Denmark,ALL,2013.0,80.56,3659.0,1.0,29.15,54.97,12.5,162.3,109.6,173.48
Denmark,ALL,2014.0,80.99,3687.0,1.1,28.86,55.43,13.4,165.53,107.42,173.99
Denmark,ALL,2015.0,81.03,3699.0,1.2,23.9,34.7,13.5,166.1,109.71,183.54
Denmark,ALL,2016.0,81.17,3691.0,1.2,26.5,35.1,12.9,164.54,108.95,183.67
Denmark,ALL,2017.0,81.38,2318.0,1.3,25.7,35.6,12.9,39.1,69.39,143.84
Denmark,ALL,2018.0,81.23,2235.0,1.3,22.5,36.1,12.8,36.1,67.43,134.43
Denmark,ALL,2019.0,81.76,2159.0,1.4,26.4,36.6,13.35,38.13,62.92,135.82
Denmark,ALL,2020.0,81.85,2126.0,1.4,26.2,37.1,12.35,37.19,62.14,139.4
Denmark,ALL,2021.0,82.57,2223.0,1.4,23.5,37.6,12.09,41.84,62.6,149.36
Spain,ALL,2000.0,79.48,2021.0,1.3,24.1,38.1,12.31,32.92,60.18,116.36
Spain,ALL,2001.0,79.8,2119.0,1.2,27.2,38.6,12.17,34.3,63.33,127.46
Spain,ALL,2002.0,79.88,2185.0,1.0,25.4,39.1,12.14,37.51,64.98,153.85
Spain,ALL,2003.0,79.78,2282.0,1.0,24.3,39.7,12.58,37.25,67.17,157.49
Spain,ALL,2004.0,80.46,2371.0,0.9,23.4,40.2,12.54,38.83,68.95,179.0
Spain,ALL,2005.0,80.44,2461.0,0.8,24.0,40.7,12.03,41.2,70.88,192.72
Spain,ALL,2006.0,81.21,2554.0,0.8,21.8,41.3,11.87,46.38,73.1,206.46
Spain,ALL,2007.0,81.19,2639.0,0.8,23.6,41.8,12.1,50.1,75.24,196.56
Spain,ALL,2008.0,81.52,2837.0,0.6,22.8,39.78,11.9,50.04,81.91,225.06
Spain,ALL,2009.0,81.91,3006.0,0.6,21.7,40.09,12.1,49.4,86.7,232.76
Spain,ALL,2010.0,82.32,3019.0,0.7,22.9,40.4,12.1,48.0,87.76,234.4
Spain,ALL,2011.0,82.45,3026.0,0.8,22.2,40.7,12.4,49.39,89.07,225.08
Spain,ALL,2012.0,82.56,2995.0,1.8,22.3,41.02,11.6,52.86,89.37,226.43
Spain,ALL,2013.0,83.22,3071.0,1.7,18.2,41.33,11.7,61.2,91.09,244.84
Spain,ALL,2014.0,83.35,3098.0,2.2,19.6,41.65,11.6,62.12,92.41,250.93
Spain,ALL,2015.0,82.97,3105.0,2.2,18.4,41.96,11.6,66.27,91.38,252.22
Spain,ALL,2016.0,83.49,3111.0,2.3,21.1,42.27,11.9,64.01,92.48,242.67
Spain,ALL,2017.0,83.38,3093.0,4.2,18.1,42.58,2.92,64.56,91.75,226.87
Spain,ALL,2018.0,83.49,3093.0,5.5,16.6,42.88,2.88,64.26,90.77,239.45
Spain,ALL,2019.0,83.96,3081.0,6.3,17.6,43.16,4.31,64.24,90.9,237.52
Spain,ALL,2020.0,82.44,3137.0,6.8,16.2,43.43,2.91,67.36,92.41,238.58
Spain,ALL,2021.0,83.41,3145.0,7.0,24.8,43.67,1.37,66.75,94.62,241.95
Estonia,ALL,2000.0,71.3,3154.0,7.4,24.3,43.9,1.23,65.4,95.92,270.44
Estonia,ALL,2001.0,71.03,3709.0,9.4,24.7,44.1,1.44,161.53,96.58,192.23
Estonia,ALL,2002.0,71.52,3747.0,11.0,24.3,44.27,0.71,164.94,100.83,185.88
Estonia,ALL,2003.0,72.02,3749.0,10.7,23.2,44.4,1.7,165.81,100.64,196.02
Estonia,ALL,2004.0,72.5,3717.0,10.8,21.9,44.49,1.16,162.06,99.47,203.02
Estonia,ALL,2005.0,73.08,3722.0,10.1,20.9,44.54,0.66,160.79,99.25,211.57
Estonia,ALL,2006.0,73.28,3716.0,10.0,18.8,44.56,0.5,163.34,99.26,194.56
Estonia,ALL,2007.0,73.33,3716.0,9.8,14.6,44.56,0.55,163.62,100.12,209.79
Estonia,ALL,2008.0,74.44,3713.0,8.8,37.0,44.55,0.55,165.2,101.18,213.19
Estonia,ALL,2009.0,75.38,3702.0,7.4,36.0,44.54,0.63,162.36,98.38,219.59
Estonia,ALL,2010.0,76.11,3697.0,6.6,34.0,44.55,0.73,159.41,96.11,206.93
Estonia,ALL,2011.0,76.69,3708.0,6.4,33.0,44.59,0.85,161.27,96.93,162.33
Estonia,ALL,2012.0,76.75,3720.0,7.1,33.0,44.65,0.95,167.7,96.58,153.63
Estonia,ALL,2013.0,77.43,3715.0,8.6,31.0,44.7,1.12,161.57,98.96,159.91
Estonia,ALL,2014.0,77.47,3733.0,9.8,30.5,44.75,1.92,162.32,99.6,172.4
Estonia,ALL,2015.0,78.02,3789.0,9.7,29.5,44.8,0.99,161.69,98.48,262.9
Estonia,ALL,2016.0,78.12,3804.0,9.5,28.0,44.85,0.6,166.57,98.93,219.67
Finland,ALL,2000.0,77.87,3774.0,9.2,28.0,44.92,0.52,165.24,99.82,236.04
Finland,ALL,2001.0,78.35,3768.0,9.3,26.0,44.99,0.52,166.86,98.52,202.41
Finland,ALL,2002.0,78.46,3774.0,8.5,26.0,31.7,0.36,163.42,98.08,233.51
Finland,ALL,2003.0,78.71,3800.0,6.9,25.0,32.2,0.51,173.38,100.34,234.98
Finland,ALL,2004.0,78.98,3172.0,6.6,24.0,32.7,0.39,72.26,90.69,184.26
Finland,ALL,2005.0,79.35,3215.0,7.5,23.0,33.2,0.44,74.3,90.29,198.31
Finland,ALL,2006.0,79.67,3281.0,8.2,19.0,33.8,0.88,76.08,91.52,222.07
Finland,ALL,2007.0,79.7,3327.0,8.4,20.0,34.3,1.38,77.85,92.66,223.37
Finland,ALL,2008.0,80.03,3410.0,8.5,18.0,34.8,9.88,79.21,95.41,221.31
Finland,ALL,2009.0,80.18,3488.0,8.3,17.0,35.3,10.48,81.03,98.22,254.55
Finland,ALL,2010.0,80.34,3450.0,7.5,17.0,35.8,10.76,87.43,96.81,236.78
Finland,ALL,2011.0,80.76,3446.0,7.0,17.0,36.3,10.3,84.87,94.54,242.31
Finland,ALL,2012.0,80.83,3473.0,7.9,17.0,36.8,10.73,82.82,94.98,238.92
Finland,ALL,2013.0,81.24,3447.0,8.3,16.0,37.3,11.15,82.89,94.12,238.14
Finland,ALL,2014.0,81.35,3524.0,7.2,16.9,37.8,11.46,86.83,96.48,226.43
Finland,ALL,2016.0,81.62,3467.0,7.6,13.9,38.3,12.43,89.08,97.61,201.51
Finland,ALL,2017.0,81.86,3466.0,8.6,32.1,38.8,12.62,89.95,96.05,205.41
Finland,ALL,2018.0,81.93,3453.0,8.7,33.7,41.33,13.0,91.83,97.38,203.65
Finland,ALL,2019.0,82.22,3500.0,8.7,33.2,42.03,13.81,98.15,100.28,209.21
Finland,ALL,2020.0,82.14,3590.0,7.9,31.7,42.74,13.35,100.38,102.87,207.62
Finland,ALL,2021.0,82.08,3501.0,7.2,28.1,43.46,13.46,100.6,100.35,202.38
France,ALL,2000.0,79.34,3567.0,6.0,26.4,44.17,13.6,102.11,102.14,207.81
France,ALL,2001.0,79.43,3585.0,5.5,26.16,44.88,13.47,106.05,102.87,218.51
France,ALL,2002.0,79.54,3588.0,5.8,23.95,45.59,13.4,105.39,103.41,199.45
France,ALL,2003.0,79.44,3657.0,6.3,22.98,46.31,13.56,110.16,105.47,218.32
France,ALL,2004.0,80.5,3639.0,5.6,22.08,47.03,13.99,111.2,105.68,224.07
France,ALL,2005.0,80.48,3612.0,5.5,19.78,47.78,13.25,113.41,106.09,212.84
France,ALL,2006.0,81.16,3608.0,1.7,27.5,48.54,13.72,113.84,107.1,225.64
France,ALL,2007.0,81.46,3596.0,11.1,30.9,49.29,13.55,116.77,106.94,208.89
France,ALL,2008.0,81.56,3657.0,15.3,34.0,50.04,13.26,120.82,108.31,213.41
France,ALL,2009.0,81.75,3678.0,16.4,33.5,50.78,13.14,121.43,110.23,232.73
France,ALL,2010.0,81.97,3700.0,12.8,31.9,51.51,12.72,121.74,111.2,217.21
France,ALL,2011.0,82.41,3623.0,11.1,29.7,52.21,13.16,122.39,110.45,200.44
France,ALL,2012.0,82.32,3129.0,12.5,30.3,52.9,12.52,101.21,95.7,209.38
France,ALL,2013.0,82.61,3041.0,13.7,28.3,53.58,11.61,96.3,90.94,179.27
France,ALL,2014.0,83.14,3022.0,12.2,32.8,54.24,12.18,102.47,86.52,189.16
France,ALL,2017.0,82.95,2958.0,16.0,27.8,54.88,11.44,99.4,87.69,166.43
France,ALL,2018.0,83.12,2873.0,17.9,26.2,55.52,11.65,90.62,85.32,170.44
Greece,ALL,2000.0,78.23,2896.0,17.3,26.2,56.13,11.66,91.7,87.12,197.1
Greece,ALL,2001.0,78.62,2741.0,16.3,26.0,56.72,11.12,88.03,83.22,181.57
Greece,ALL,2002.0,78.8,2676.0,13.5,22.1,57.28,11.04,85.67,82.36,180.03
Greece,ALL,2003.0,78.93,2818.0,12.0,21.3,57.82,10.94,95.69,89.86,210.46
Greece,ALL,2004.0,79.04,2879.0,10.1,17.2,58.34,10.92,92.16,88.93,200.79
Greece,ALL,2005.0,79.32,2813.0,9.0,17.9,58.85,9.92,92.31,85.79,193.44
Greece,ALL,2006.0,79.79,2816.0,6.9,15.9,59.34,10.1,92.23,84.36,166.25
Greece,ALL,2007.0,79.55,2779.0,5.6,25.48,59.82,11.21,92.45,81.87,148.12
Greece,ALL,2008.0,80.13,2757.0,6.8,25.76,60.28,11.01,94.36,78.55,171.71
Greece,ALL,2009.0,80.34,2764.0,10.3,21.25,60.75,11.29,95.23,80.13,149.24
Greece,ALL,2010.0,80.69,2723.0,11.3,29.36,61.22,11.28,95.75,77.82,96.24
Greece,ALL,2011.0,80.9,2759.0,12.3,28.52,61.68,12.05,92.99,79.75,125.72
Greece,ALL,2012.0,80.82,2734.0,12.9,28.38,43.4,12.21,93.82,76.13,125.08
Greece,ALL,2014.0,81.56,2782.0,11.4,28.43,43.9,10.94,92.48,80.01,112.13
Greece,ALL,2015.0,81.1,2785.0,9.1,27.66,44.3,13.43,95.77,80.48,111.24
Greece,ALL,2016.0,81.51,2772.0,7.6,27.4,44.8,10.51,94.66,80.4,110.95
Greece,ALL,2017.0,81.44,2777.0,6.2,26.63,45.3,10.1,90.98,80.71,117.87
Greece,ALL,2018.0,81.94,2775.0,5.2,26.3,45.8,10.27,89.42,81.4,104.58
Greece,ALL,2019.0,81.76,2827.0,4.2,25.8,46.2,10.14,89.68,82.14,129.12
Greece,ALL,2020.0,81.46,2865.0,5.1,25.35,46.7,10.09,88.16,85.53,109.15
Croatia,ALL,2000.0,72.99,2753.0,5.3,24.71,47.2,10.33,92.58,81.67,126.44
Croatia,ALL,2001.0,74.65,2818.0,4.1,24.04,47.6,10.57,92.6,85.12,142.45
Croatia,ALL,2002.0,74.84,2826.0,4.3,24.1,48.1,10.36,93.36,85.49,144.55
Croatia,ALL,2003.0,74.73,2872.0,6.2,22.37,48.5,9.42,106.33,83.59,155.22
Croatia,ALL,2004.0,75.65,2854.0,6.5,20.34,49.0,9.3,105.92,82.24,158.86
Croatia,ALL,2005.0,75.44,2349.0,7.0,18.97,49.5,9.22,34.14,68.31,150.23
Croatia,ALL,2006.0,76.01,2454.0,8.1,28.64,49.9,9.15,38.19,73.03,159.57
Croatia,ALL,2007.0,75.89,2644.0,9.3,28.39,46.13,7.25,39.17,79.56,165.8
Croatia,ALL,2008.0,76.14,2636.0,10.1,27.94,46.37,6.52,41.3,79.74,185.92
Croatia,ALL,2009.0,76.42,2877.0,10.4,27.71,46.62,7.25,57.32,83.28,188.04
Croatia,ALL,2010.0,76.86,3090.0,10.0,27.65,46.88,7.31,57.94,89.99,217.21
Croatia,ALL,2011.0,77.26,3023.0,10.5,27.86,47.16,7.84,56.13,88.66,221.2
Croatia,ALL,2012.0,77.38,2936.0,11.2,27.34,47.45,9.01,60.85,83.8,202.04
Croatia,ALL,2013.0,77.85,2803.0,11.4,27.31,47.75,8.71,59.62,77.41,155.59
Croatia,ALL,2014.0,78.0,2903.0,11.9,27.08,48.07,8.44,65.68,79.59,167.33
Croatia,ALL,2015.0,77.52,2901.0,31.1,26.7,48.38,8.88,62.53,82.81,185.85
Croatia,ALL,2016.0,78.27,2834.0,29.0,26.2,48.7,9.18,57.87,81.25,230.63
Croatia,ALL,2017.0,78.05,3091.0,23.4,25.7,49.0,10.14,64.09,89.01,299.22
Croatia,ALL,2019.0,78.63,3038.0,24.1,25.06,49.29,10.22,67.8,87.6,297.35
Croatia,ALL,2020.0,77.89,3016.0,27.2,24.47,49.57,10.15,68.1,86.62,284.32
Croatia,ALL,2021.0,76.63,3064.0,27.6,24.12,49.83,10.86,70.0,88.47,277.22
Hungary,ALL,2000.0,71.49,3107.0,25.4,23.75,50.08,10.52,72.13,90.86,287.93
Hungary,ALL,2001.0,72.56,3079.0,0.1,23.65,50.31,11.27,70.14,90.19,292.75
Hungary,ALL,2002.0,72.64,3061.0,0.5,23.6,50.51,10.91,77.35,88.55,292.38
Hungary,ALL,2003.0,72.59,3072.0,1.4,23.19,50.67,10.84,79.11,88.98,291.81
Hungary,ALL,2004.0,73.03,3057.0,2.1,22.77,50.8,11.34,78.17,90.51,279.9
Hungary,ALL,2005.0,73.01,3105.0,2.9,21.89,50.89,11.2,78.5,90.04,335.3
Hungary,ALL,2006.0,73.57,3200.0,4.0,21.47,50.94,10.96,80.2,93.36,285.26
Hungary,ALL,2007.0,73.65,3268.0,2.8,21.0,50.96,11.37,84.15,97.41,317.74
Hungary,ALL,2008.0,74.23,3304.0,2.3,20.32,50.96,10.92,87.08,98.54,355.47
Hungary,ALL,2009.0,74.45,3274.0,2.1,20.04,50.96,11.47,86.71,97.07,317.21
Hungary,ALL,2010.0,74.78,3317.0,2.1,19.21,50.95,10.91,87.07,99.29,353.53
Hungary,ALL,2011.0,75.15,3320.0,2.3,18.37,50.96,11.17,86.26,98.21,343.83
Hungary,ALL,2012.0,75.33,3099.0,3.0,17.31,50.97,11.43,92.38,96.55,115.1
Hungary,ALL,2013.0,75.81,3194.0,3.1,28.72,50.98,11.46,95.63,99.15,124.64
Hungary,ALL,2014.0,76.02,3125.0,1.9,28.57,51.0,9.47,97.45,96.15,120.66
Hungary,ALL,2015.0,76.01,3195.0,1.5,28.49,51.01,10.15,96.1,94.95,125.53
Hungary,ALL,2016.0,76.33,3284.0,1.2,27.75,51.02,9.86,99.62,96.76,128.84
Hungary,ALL,2017.0,76.12,3282.0,1.0,27.45,51.05,9.7,99.81,95.67,127.71
Hungary,ALL,2018.0,76.31,3219.0,0.8,26.72,51.08,9.51,101.49,95.3,108.45
Hungary,ALL,2019.0,76.58,3117.0,0.9,26.34,40.7,9.18,102.22,91.98,115.86
Ireland,ALL,2000.0,76.6,2993.0,0.7,25.54,41.4,8.13,96.64,86.75,120.96
Ireland,ALL,2001.0,77.23,3046.0,0.6,25.08,42.2,7.86,104.36,88.46,134.28
Ireland,ALL,2002.0,77.75,2981.0,0.5,24.47,42.9,7.65,102.41,86.31,159.35
Ireland,ALL,2003.0,78.28,2821.0,0.5,24.54,43.6,10.26,93.78,85.38,159.87
Ireland,ALL,2004.0,78.69,2901.0,0.5,22.86,44.3,11.07,95.27,87.21,172.64
Ireland,ALL,2005.0,79.2,2987.0,1.0,19.45,44.9,10.8,102.82,89.1,183.46
Ireland,ALL,2006.0,79.4,3084.0,0.8,27.0,45.5,10.92,112.32,90.99,205.43
Ireland,ALL,2007.0,79.77,3186.0,0.5,26.0,46.1,10.7,118.35,92.01,209.12
Ireland,ALL,2008.0,79.98,3200.0,0.3,26.0,46.7,10.22,119.11,90.86,214.8
Ireland,ALL,2009.0,79.98,3126.0,0.2,24.0,47.2,10.18,110.9,91.56,217.31
Ireland,ALL,2010.0,80.8,3178.0,0.2,25.0,47.8,10.66,125.29,92.34,271.88
Ireland,ALL,2011.0,80.86,3223.0,0.1,25.0,48.3,10.73,129.1,91.27,211.02
Ireland,ALL,2012.0,80.93,3284.0,0.1,23.0,48.7,10.53,128.09,92.05,195.67
Ireland,ALL,2013.0,81.12,3295.0,0.28,25.0,49.2,9.82,125.62,90.66,209.82
Ireland,ALL,2015.0,81.58,3283.0,0.54,27.0,43.77,9.88,129.4,91.1,217.07
Ireland,ALL,2018.0,82.25,3254.0,0.81,27.0,43.93,10.88,132.03,88.64,211.9
Italy,ALL,2000.0,79.74,3249.0,1.38,26.0,44.09,10.32,129.3,88.87,242.17
Italy,ALL,2001.0,80.09,3262.0,2.22,26.0,44.25,10.3,132.93,89.33,242.86
Italy,ALL,2002.0,80.38,3264.0,4.28,27.0,44.42,10.89,131.34,90.13,220.5
Italy,ALL,2003.0,80.17,3295.0,2.35,26.0,44.6,11.13,130.05,91.65,230.65
Italy,ALL,2004.0,80.97,2704.91,2.24,24.0,44.8,10.93,71.25,80.89,132.69
Italy,ALL,2005.0,80.9,2750.66,2.22,23.0,45.02,11.53,73.44,81.48,115.62
Italy,ALL,2006.0,81.58,2803.53,2.17,24.0,45.28,11.18,73.66,84.11,114.0
Italy,ALL,2007.0,81.69,2689.49,2.16,22.0,45.56,11.87,69.96,80.24,113.55
Italy,ALL,2008.0,81.9,2643.13,2.19,24.0,45.88,13.79,66.61,78.28,105.88
Italy,ALL,2009.0,82.07,2662.61,2.18,25.0,46.23,10.03,64.69,79.5,101.2
Italy,ALL,2010.0,82.5,2491.3,2.14,23.0,46.59,8.55,64.94,73.17,105.83
Italy,ALL,2011.0,82.41,2339.55,0.3,23.0,46.97,8.19,60.55,69.41,118.21
Italy,ALL,2012.0,82.39,2346.52,0.7,24.0,47.36,8.47,63.07,69.61,127.92
Italy,ALL,2013.0,82.92,2369.4,0.4,23.4,47.74,9.68,64.83,70.44,141.1
Italy,ALL,2014.0,83.29,2464.69,0.4,22.2,48.11,10.0,65.81,73.87,148.69
Italy,ALL,2015.0,82.76,2525.75,0.4,23.0,48.47,8.37,67.7,76.56,158.13
Italy,ALL,2016.0,83.41,2560.65,0.2,22.0,48.81,8.57,69.64,76.73,164.99
Italy,ALL,2017.0,83.11,2622.82,0.2,21.0,49.13,3.87,75.37,77.82,171.85
Italy,ALL,2018.0,83.44,2668.39,0.4,20.0,49.43,4.11,76.04,78.7,193.73
Italy,ALL,2019.0,83.67,2705.1,0.9,20.0,49.7,4.08,79.45,78.36,202.09
Italy,ALL,2020.0,82.22,2717.35,1.1,18.0,49.95,4.29,80.81,80.1,216.27
Lithuania,ALL,2000.0,72.2,2719.0,1.0,18.0,50.18,4.38,79.74,81.03,231.43
Lithuania,ALL,2001.0,71.71,2901.33,0.8,17.0,50.4,4.5,87.1,85.63,226.11
Lithuania,ALL,2002.0,71.86,2950.34,0.8,16.0,50.62,4.72,89.42,87.18,246.22
Lithuania,ALL,2003.0,72.13,2984.84,0.7,18.0,50.83,5.03,89.81,88.84,268.52
Lithuania,ALL,2004.0,72.05,3013.67,0.6,17.0,51.03,5.03,90.81,90.38,280.41
Lithuania,ALL,2005.0,71.27,3033.02,0.5,17.0,51.22,4.69,94.69,91.05,307.83
Lithuania,ALL,2006.0,71.02,3037.79,1.1,15.0,51.39,4.57,92.83,92.22,319.53
Lithuania,ALL,2007.0,70.78,3047.54,2.5,13.0,51.57,4.71,93.51,93.15,332.43
Lithuania,ALL,2008.0,71.82,3050.93,4.5,14.0,51.76,4.83,95.0,93.6,314.62
Lithuania,ALL,2009.0,73.01,3092.47,4.7,13.0,51.95,4.69,92.55,95.41,302.39
Lithuania,ALL,2010.0,73.32,3088.0,4.2,12.0,31.9,4.69,93.79,95.63,309.62
Lithuania,ALL,2011.0,73.8,3576.0,4.7,11.0,32.6,4.9,133.82,94.98,212.13
Lithuania,ALL,2012.0,74.16,3483.0,5.2,32.0,33.2,5.04,138.26,89.96,240.69
Lithuania,ALL,2013.0,74.19,3405.0,3.9,29.0,33.9,5.25,136.66,91.29,220.27
Lithuania,ALL,2014.0,74.79,3446.0,2.7,28.0,34.6,5.44,140.03,90.83,219.72
Lithuania,ALL,2015.0,74.62,3445.0,1.8,27.0,35.3,5.46,137.32,91.93,233.25
Lithuania,ALL,2016.0,74.97,3443.0,1.7,25.9,35.9,13.23,141.67,89.93,232.38
Lithuania,ALL,2017.0,75.84,3303.0,2.5,25.4,36.5,13.2,134.33,87.39,289.58
Lithuania,ALL,2018.0,76.07,3423.0,3.7,27.1,37.2,12.67,141.09,89.14,220.42
Lithuania,ALL,2019.0,76.62,3427.0,3.9,29.7,37.7,12.43,141.74,89.58,269.8
Lithuania,ALL,2020.0,75.18,3498.0,3.8,28.6,38.3,12.7,149.57,91.81,220.03
Lithuania,ALL,2021.0,74.29,3451.0,3.6,26.9,38.9,11.41,149.16,90.24,229.37
Lithuania,ALL,2022.0,75.89,3522.0,4.5,25.4,39.4,7.57,149.82,92.28,198.96
Luxembourg,ALL,2000.0,79.07,3539.0,4.1,24.0,40.0,5.71,157.38,93.12,232.52
Luxembourg,ALL,2001.0,78.84,3414.0,0.68,39.0,40.5,4.55,149.66,90.17,216.94
Luxembourg,ALL,2002.0,78.96,3227.0,3.39,35.0,47.19,7.98,150.09,88.48,225.73
Luxembourg,ALL,2003.0,78.46,3315.0,4.46,34.0,47.37,7.85,150.43,92.03,214.65
Luxembourg,ALL,2004.0,80.04,3494.0,5.38,33.0,47.55,8.87,154.01,95.99,216.69
Luxembourg,ALL,2005.0,80.26,3451.0,6.34,32.0,47.72,8.7,153.68,98.43,235.57
Luxembourg,ALL,2006.0,80.09,3401.0,7.74,30.0,47.9,10.23,155.75,95.1,237.31
Luxembourg,ALL,2007.0,80.3,3512.0,9.07,28.0,48.09,9.86,161.08,98.51,238.4
Luxembourg,ALL,2008.0,81.54,3522.0,9.32,27.0,48.29,9.35,158.95,99.87,225.0
Luxembourg,ALL,2009.0,81.55,3481.0,7.85,27.0,48.51,10.45,159.65,98.87,242.31
Luxembourg,ALL,2010.0,81.48,3455.0,7.91,28.0,48.77,11.02,156.56,96.43,221.88
Luxembourg,ALL,2011.0,81.65,3413.0,7.08,27.0,49.06,11.72,155.44,97.99,229.46
Luxembourg,ALL,2012.0,82.18,3408.0,7.02,27.0,49.38,12.72,155.9,98.75,222.41
Luxembourg,ALL,2013.0,82.72,3427.0,6.64,27.0,49.73,12.92,156.66,98.17,219.4
Luxembourg,ALL,2014.0,83.03,3440.0,5.95,26.0,50.09,10.74,157.19,99.77,213.37
Luxembourg,ALL,2015.0,83.08,3439.0,5.84,26.0,50.47,11.78,156.63,97.63,229.79
Luxembourg,ALL,2016.0,83.25,3422.0,5.09,25.0,50.85,11.17,155.53,98.05,220.22
Luxembourg,ALL,2017.0,83.1,3441.0,5.1,24.0,51.23,12.08,155.7,99.34,218.49
Luxembourg,ALL,2018.0,83.57,3350.0,6.64,22.0,51.61,11.19,153.17,99.28,211.01
Luxembourg,ALL,2019.0,83.72,3420.0,5.93,21.0,51.98,12.61,152.33,99.38,216.43
Luxembourg,ALL,2020.0,83.12,3358.0,5.45,21.0,52.33,13.91,149.84,96.93,209.35
Luxembourg,ALL,2021.0,83.64,3332.0,5.01,21.0,52.67,14.58,151.27,96.57,208.64
Luxembourg,ALL,2022.0,84.14,3311.0,4.97,20.0,53.0,13.98,148.53,94.43,212.33
Latvia,ALL,2000.0,70.51,3340.0,4.79,20.0,53.31,14.43,148.34,93.48,218.28
Latvia,ALL,2001.0,69.95,3318.0,5.04,20.0,53.62,14.5,145.99,93.35,206.78
Latvia,ALL,2002.0,70.25,3327.0,4.95,19.0,53.93,13.56,149.36,95.1,212.7
Latvia,ALL,2003.0,70.73,3324.0,4.76,19.0,54.24,12.58,147.59,92.76,189.94
Latvia,ALL,2004.0,70.98,3440.0,4.59,18.0,54.57,11.29,149.94,95.85,190.13
Latvia,ALL,2005.0,70.72,3380.0,11.7,16.0,54.9,9.79,150.6,94.74,185.32
Latvia,ALL,2006.0,70.6,3436.0,16.9,16.8,55.22,9.74,154.17,93.77,186.48
Latvia,ALL,2007.0,70.85,3432.0,8.6,16.6,55.55,9.76,153.96,93.7,175.26
Latvia,ALL,2008.0,72.13,3412.0,3.0,15.8,55.87,10.08,152.9,92.76,172.29
Latvia,ALL,2009.0,72.81,3386.0,2.0,14.5,56.19,10.57,153.75,91.92,159.92
Latvia,ALL,2010.0,73.16,3432.0,1.7,12.7,56.52,4.73,158.01,92.23,162.57
Latvia,ALL,2011.0,73.92,3428.0,2.0,11.2,56.86,4.16,155.66,94.02,169.87
Latvia,ALL,2012.0,74.13,3445.0,2.6,32.56,37.5,4.06,158.65,93.42,181.88
Latvia,ALL,2013.0,74.42,3465.0,2.8,27.8,38.2,2.79,156.7,94.64,195.56
Latvia,ALL,2014.0,74.77,3448.0,3.3,25.1,39.0,2.17,156.9,94.71,173.33
Latvia,ALL,2015.0,75.11,3491.0,0.4,30.3,39.7,2.17,158.46,95.53,176.83
Latvia,ALL,2016.0,75.25,3382.0,3.3,46.0,40.5,2.32,151.31,92.02,181.11
Latvia,ALL,2017.0,75.23,3391.0,3.7,37.0,41.2,2.04,153.54,93.0,179.21
Latvia,ALL,2018.0,75.37,3421.0,3.4,39.0,41.9,3.72,156.9,96.99,176.35
Latvia,ALL,2019.0,76.01,3398.0,2.8,37.6,42.6,3.58,159.14,97.29,174.81
Latvia,ALL,2020.0,75.73,3364.0,2.3,45.0,43.3,3.56,155.19,96.67,173.43
Latvia,ALL,2021.0,73.43,3388.0,1.8,31.9,44.0,3.8,154.81,96.92,178.71
Malta,ALL,2000.0,78.23,3378.0,3.0,27.3,44.6,3.78,157.87,97.32,176.64
Malta,ALL,2001.0,78.84,3379.0,1.8,24.9,45.3,3.37,159.39,97.16,169.13
Malta,ALL,2002.0,78.73,2939.62,2.7,32.6,45.9,3.47,79.44,88.91,125.88
Malta,ALL,2003.0,78.63,2950.41,2.7,30.3,46.5,2.68,79.18,87.96,116.47
Malta,ALL,2004.0,79.43,2878.57,2.6,27.4,47.1,2.54,77.59,87.13,110.82
Malta,ALL,2005.0,79.49,2828.05,3.1,27.5,48.41,2.35,75.48,85.19,117.74
Malta,ALL,2006.0,79.63,2754.29,3.4,44.0,48.39,2.65,72.01,82.15,116.5
Malta,ALL,2007.0,80.06,2798.94,3.3,35.5,48.4,2.49,73.34,84.33,118.07
Malta,ALL,2008.0,79.85,2763.47,3.6,37.0,48.43,2.69,72.71,83.16,115.25
Malta,ALL,2009.0,80.5,2735.73,5.0,32.5,48.5,2.73,70.8,80.98,118.39
Malta,ALL,2010.0,81.55,2747.9,4.0,30.2,48.6,2.97,71.77,80.27,128.24
Malta,ALL,2011.0,81.06,2812.15,3.3,30.4,48.74,2.88,74.22,81.6,135.22
Malta,ALL,2012.0,80.99,2879.23,4.1,26.5,48.93,2.85,76.9,83.83,143.42
Malta,ALL,2013.0,81.97,2911.29,4.7,25.8,49.16,2.99,79.07,84.96,151.55
Malta,ALL,2014.0,82.24,2975.12,5.3,24.9,49.42,2.9,81.43,86.23,159.85
Malta,ALL,2015.0,82.01,3048.3,4.5,35.0,49.72,2.75,84.58,88.82,171.05
Malta,ALL,2016.0,82.72,3095.97,3.9,34.6,50.04,14.22,86.67,89.8,183.09
Malta,ALL,2017.0,82.47,3140.4,3.7,34.0,50.39,14.19,89.93,91.32,183.11
Netherlands,ALL,2000.0,78.28,3152.77,5.4,32.0,50.76,14.23,91.43,92.74,188.43
Netherlands,ALL,2001.0,78.49,3105.16,6.3,29.0,51.12,14.65,90.89,92.21,191.35
Netherlands,ALL,2002.0,78.56,3160.2,7.9,30.0,51.49,14.79,94.68,94.18,186.15
Netherlands,ALL,2003.0,78.79,3194.56,11.8,30.0,51.84,14.77,95.09,95.01,201.77
Netherlands,ALL,2004.0,79.41,3220.06,15.9,28.0,52.18,15.02,96.77,96.62,209.14
Netherlands,ALL,2005.0,79.67,3224.48,16.1,30.0,52.5,15.63,98.28,96.9,215.5
Netherlands,ALL,2006.0,80.07,3227.15,14.9,28.0,52.8,15.24,101.21,95.87,222.77
Netherlands,ALL,2007.0,80.53,3211.56,12.9,29.0,53.07,14.28,97.31,95.92,219.89
Netherlands,ALL,2008.0,80.67,3205.96,11.1,29.0,53.32,13.96,98.89,96.1,214.93
Netherlands,ALL,2009.0,81.0,3218.84,8.4,33.0,53.55,14.04,100.3,97.05,213.22
Netherlands,ALL,2010.0,81.14,3218.68,7.1,27.0,53.77,14.16,101.82,97.66,217.37
Netherlands,ALL,2011.0,81.44,3222.68,7.6,23.9,53.98,14.06,102.13,98.99,220.91
Netherlands,ALL,2012.0,81.33,2478.0,7.5,23.9,54.18,14.25,79.66,66.86,207.05
Netherlands,ALL,2013.0,81.58,2424.0,6.8,24.7,54.38,14.58,68.2,68.68,204.42
Netherlands,ALL,2014.0,81.98,2373.0,6.1,29.0,54.57,14.71,70.63,69.57,171.89
Netherlands,ALL,2015.0,81.73,2598.0,0.0,27.0,54.74,14.41,76.33,72.63,234.35
Netherlands,ALL,2016.0,81.8,2701.0,0.0,23.0,54.91,14.33,85.94,72.95,267.06
Netherlands,ALL,2017.0,82.0,2767.0,0.0,23.0,55.08,14.37,83.73,75.67,294.65
Netherlands,ALL,2018.0,82.45,2916.0,0.0,22.0,55.25,14.07,94.11,80.92,305.73
Netherlands,ALL,2019.0,83.07,2994.0,0.0,20.0,55.42,14.02,98.17,82.56,348.77
Netherlands,ALL,2020.0,81.84,3169.0,0.0,17.0,31.1,14.03,106.74,87.9,375.28
Netherlands,ALL,2021.0,81.54,3056.0,0.0,18.0,31.64,13.86,101.87,84.57,374.97
Netherlands,ALL,2022.0,81.81,3070.0,0.0,18.0,32.1,12.99,109.26,86.63,373.8
Poland,ALL,2000.0,73.86,2821.0,0.0,18.0,32.6,12.9,109.66,81.64,342.81
Poland,ALL,2001.0,74.28,2861.0,0.0,33.0,33.08,12.33,110.78,83.34,290.01
Poland,ALL,2002.0,74.64,2421.0,4.3,32.5,33.58,12.33,86.72,72.59,268.02
Poland,ALL,2003.0,74.73,2376.0,4.3,31.9,34.0,11.79,88.55,64.93,292.66
Poland,ALL,2004.0,74.98,2309.0,4.0,30.2,34.49,11.45,75.63,66.36,267.2
Poland,ALL,2005.0,75.12,2325.0,3.9,29.8,34.92,11.33,80.87,67.37,244.71
Poland,ALL,2006.0,75.38,2403.0,4.8,28.3,35.41,11.21,91.61,66.68,258.81
Poland,ALL,2007.0,75.45,2527.0,6.5,26.2,34.49,11.07,94.89,68.32,276.51
Poland,ALL,2008.0,75.73,2455.0,8.7,26.7,35.05,11.05,92.07,68.72,272.14
Poland,ALL,2009.0,75.91,2479.0,8.8,26.5,35.58,11.26,88.32,70.35,307.37
Poland,ALL,2010.0,76.54,2677.0,8.1,27.4,36.17,11.12,105.61,71.62,294.47
Poland,ALL,2011.0,76.91,2666.0,7.3,26.8,36.73,10.85,94.74,77.09,318.7
Poland,ALL,2012.0,76.97,2784.0,7.8,24.6,37.31,10.82,104.34,77.86,337.9
Poland,ALL,2013.0,77.21,2851.0,8.3,25.0,37.91,10.54,106.15,79.98,355.64
Poland,ALL,2014.0,77.89,2737.0,7.9,22.4,38.55,10.15,115.06,81.18,208.59
Poland,ALL,2015.0,77.64,2719.0,7.1,22.9,39.19,10.24,106.6,83.01,249.36
Poland,ALL,2016.0,78.11,2633.0,5.3,21.1,39.9,10.44,109.32,82.43,213.69
Poland,ALL,2017.0,77.95,2685.0,4.4,21.9,40.63,10.29,109.78,85.79,246.46
Poland,ALL,2018.0,77.95,2689.0,6.7,19.8,41.4,10.15,101.05,85.28,267.6
Poland,ALL,2019.0,78.14,2745.0,7.3,19.2,42.19,10.01,113.77,81.29,232.83
Poland,ALL,2020.0,76.65,2787.0,6.7,18.8,43.0,9.99,105.87,88.82,255.22
Poland,ALL,2021.0,75.61,2799.0,7.0,19.0,43.83,9.87,110.99,86.51,250.49
Portugal,ALL,2000.0,76.85,2812.0,7.0,17.6,44.68,9.74,114.07,86.0,202.93
Portugal,ALL,2001.0,77.19,2823.0,6.1,15.4,45.56,9.62,109.04,88.9,245.77
Portugal,ALL,2002.0,77.41,2724.0,5.0,14.2,46.42,9.62,110.21,84.67,223.72
Portugal,ALL,2003.0,77.55,2721.0,4.0,14.3,47.3,9.28,111.35,84.42,236.59
Portugal,ALL,2004.0,78.44,2727.0,2.9,13.8,48.18,9.16,107.64,86.52,276.01
Portugal,ALL,2007.0,79.3,2709.0,2.2,11.8,49.06,9.17,105.35,87.1,279.85
Portugal,ALL,2008.0,79.55,2676.0,2.0,12.6,49.94,9.41,109.86,85.13,246.09
Portugal,ALL,2009.0,79.77,2648.0,2.6,10.9,50.81,6.54,111.22,85.26,234.71
Portugal,ALL,2010.0,80.06,2638.0,2.8,10.2,51.67,7.02,106.77,84.75,229.78
Portugal,ALL,2011.0,80.72,2611.0,2.2,9.4,52.48,6.32,106.16,80.14,210.47
Portugal,ALL,2012.0,80.61,2601.0,5.3,8.6,53.31,6.92,106.4,80.56,218.87
Portugal,ALL,2013.0,80.97,2565.0,6.3,8.2,54.13,6.86,111.1,78.53,227.63
Portugal,ALL,2014.0,81.39,2559.0,7.5,7.3,54.98,7.83,117.48,76.29,230.88
Portugal,ALL,2015.0,81.35,2639.0,8.0,7.2,55.78,6.62,112.29,80.9,230.24
Portugal,ALL,2016.0,81.36,2657.0,7.8,6.2,56.56,6.74,115.2,81.82,199.78
Portugal,ALL,2017.0,81.64,2630.0,8.4,5.7,57.33,7.1,117.83,79.22,200.99
Portugal,ALL,2018.0,81.54,3041.0,9.0,37.0,58.08,7.5,117.28,94.83,186.54
Romania,ALL,2000.0,71.24,3039.0,8.7,36.0,58.83,8.01,114.4,95.67,179.86
Romania,ALL,2001.0,71.27,3040.0,7.9,32.0,30.6,8.07,113.03,95.01,162.86
Romania,ALL,2002.0,70.97,3013.0,7.2,36.0,31.1,8.26,111.63,92.74,149.57
Romania,ALL,2003.0,71.32,2995.0,7.2,34.0,31.6,8.47,111.58,91.87,170.7
Romania,ALL,2004.0,71.87,3051.0,7.9,34.0,32.1,8.56,110.4,92.51,184.51
Romania,ALL,2005.0,72.21,3037.0,8.9,31.0,32.6,8.59,114.87,92.21,168.05
Romania,ALL,2006.0,72.69,3039.0,9.5,28.0,33.0,8.82,118.17,92.82,157.27
Romania,ALL,2007.0,73.27,3055.0,10.3,28.0,33.6,9.0,114.68,92.18,169.9
Romania,ALL,2008.0,73.47,3046.0,9.4,29.0,34.3,9.11,115.07,92.38,157.2
Romania,ALL,2009.0,73.6,3037.0,8.0,28.0,35.1,8.51,115.15,92.75,137.08
Romania,ALL,2010.0,73.83,2978.0,6.9,29.0,35.9,8.13,102.18,88.36,143.54
Romania,ALL,2011.0,74.6,3209.0,6.6,27.0,36.8,8.2,107.14,93.14,152.33
Romania,ALL,2012.0,74.57,3319.0,6.0,24.3,37.7,8.06,111.19,95.59,161.67
Romania,ALL,2013.0,75.0,3236.0,5.1,23.8,38.7,7.64,110.4,93.31,149.58
Romania,ALL,2014.0,75.07,3269.0,4.7,25.1,39.7,6.99,116.21,96.91,152.53
Romania,ALL,2015.0,75.11,3118.0,4.6,25.5,40.7,6.24,113.97,91.4,155.84
Romania,ALL,2016.0,75.37,3079.0,4.3,23.2,39.63,5.99,111.5,90.29,146.85
Romania,ALL,2017.0,75.38,3170.0,4.0,24.2,39.79,5.64,114.14,92.84,138.58
Romania,ALL,2018.0,75.4,3243.0,3.6,22.8,39.94,5.75,115.52,92.97,130.23
Romania,ALL,2019.0,75.67,3319.0,3.3,21.7,40.09,5.78,120.35,92.99,137.69
Slovakia,ALL,2000.0,73.44,3322.0,3.0,20.7,40.26,5.15,116.75,96.08,143.9
Slovakia,ALL,2001.0,73.69,3318.0,2.8,18.7,40.42,4.44,128.05,99.33,148.71
Slovakia,ALL,2002.0,73.88,3279.0,3.3,19.7,40.59,5.14,137.7,95.26,146.58
Slovakia,ALL,2003.0,73.88,3261.0,3.3,20.5,40.76,5.22,134.33,95.06,145.66
Slovakia,ALL,2004.0,74.31,3268.0,2.9,20.0,40.93,5.5,137.67,93.79,154.39
Slovakia,ALL,2005.0,74.24,3276.0,2.8,20.1,41.09,4.83,136.23,92.58,147.78
Slovakia,ALL,2006.0,74.53,3276.0,0.9,20.5,41.24,5.18,137.72,92.81,117.89
Slovakia,ALL,2007.0,74.65,3251.0,2.1,25.7,41.37,4.75,133.25,90.81,123.47
Slovakia,ALL,2008.0,75.05,3243.0,5.1,25.4,41.5,4.75,136.98,86.83,109.28
Slovakia,ALL,2009.0,75.42,3256.0,5.3,25.6,41.6,4.76,137.05,87.44,119.87
Slovakia,ALL,2010.0,75.66,3197.0,6.4,26.4,41.69,5.0,128.48,87.44,124.04
Slovakia,ALL,2012.0,76.33,3122.0,7.3,25.2,41.77,5.42,125.03,87.39,129.18
Slovakia,ALL,2013.0,76.7,3239.0,6.1,24.7,41.82,5.27,137.29,88.58,134.14
Slovakia,ALL,2014.0,77.07,3274.0,7.0,24.7,41.86,4.27,140.86,86.94,139.58
Slovakia,ALL,2016.0,77.42,3271.0,9.2,24.4,41.87,4.67,145.97,86.4,138.5
Slovakia,ALL,2017.0,77.39,3286.0,10.0,24.1,41.84,4.75,147.79,86.77,132.76
Slovakia,ALL,2018.0,77.46,2855.0,10.5,24.0,41.78,5.21,112.86,79.25,127.89
Slovakia,ALL,2019.0,77.91,2915.0,10.1,24.2,41.7,5.69,116.9,80.81,138.1
Slovakia,ALL,2020.0,77.18,2899.0,9.1,22.3,41.59,5.99,115.52,80.09,145.65
Slovakia,ALL,2021.0,74.68,2983.0,7.9,23.0,41.48,6.28,117.32,82.13,132.87
Slovenia,ALL,2000.0,76.28,3012.0,7.9,22.4,41.37,6.71,119.82,83.39,134.12
Slovenia,ALL,2001.0,76.48,3012.0,8.7,22.4,41.27,6.99,118.58,82.86,152.24
Slovenia,ALL,2002.0,76.72,3004.0,9.5,23.3,41.18,7.46,120.51,83.53,156.68
Slovenia,ALL,2003.0,76.52,3062.0,9.7,23.1,41.09,7.61,122.74,84.86,167.14
Slovenia,ALL,2004.0,77.32,3043.0,10.6,22.5,40.99,7.93,121.65,85.18,161.03
Slovenia,ALL,2005.0,77.57,3101.0,11.3,22.1,40.88,8.33,124.38,86.61,165.7
Slovenia,ALL,2006.0,78.35,3109.0,12.4,21.1,40.78,8.88,124.8,87.08,165.02
Slovenia,ALL,2007.0,78.53,3143.0,12.2,19.7,40.68,9.61,129.1,87.47,164.93
Slovenia,ALL,2008.0,79.3,3165.0,10.3,19.8,40.58,9.29,126.16,88.36,176.41
Slovenia,ALL,2009.0,79.46,3110.0,8.8,20.0,42.24,9.46,124.45,88.56,158.79
Slovenia,ALL,2010.0,79.96,3118.0,7.9,19.9,42.68,9.16,125.42,88.94,167.38
Slovenia,ALL,2011.0,80.24,3190.0,6.6,19.2,43.1,10.38,129.9,89.84,166.69
Slovenia,ALL,2012.0,80.39,3144.0,5.7,18.6,43.52,9.41,128.19,89.31,164.26
Slovenia,ALL,2013.0,80.56,3258.0,5.4,18.8,43.95,9.53,132.75,92.76,172.52
Slovenia,ALL,2014.0,81.34,3280.0,5.3,19.1,44.32,9.47,134.07,93.28,172.73
Slovenia,ALL,2015.0,80.98,3278.0,5.1,33.0,44.66,8.49,133.1,95.12,169.78
Slovenia,ALL,2016.0,81.33,3273.0,6.2,28.0,45.03,8.33,134.06,94.29,160.81
Slovenia,ALL,2017.0,81.29,3337.0,6.4,23.9,45.37,8.68,136.0,94.84,181.86
Slovenia,ALL,2018.0,81.47,3378.0,4.8,23.1,45.72,8.93,139.74,96.91,164.88
Slovenia,ALL,2019.0,81.83,3391.0,3.9,32.0,44.71,9.56,139.47,98.31,180.85
Slovenia,ALL,2020.0,80.67,3423.0,3.4,30.0,44.75,10.16,141.15,98.75,175.76
Sweden,ALL,2000.0,79.92,3406.0,1.9,25.4,44.78,11.68,136.1,98.96,187.52
Sweden,ALL,2001.0,80.01,3382.0,3.6,20.0,44.88,10.62,134.88,99.74,183.73
Sweden,ALL,2002.0,80.09,3404.0,6.0,20.0,45.03,13.03,134.77,100.26,193.6
Sweden,ALL,2003.0,80.37,3403.0,7.6,23.2,45.21,11.41,137.78,98.88,188.88
Sweden,ALL,2004.0,80.54,3261.0,6.0,30.0,45.45,11.48,140.54,96.66,189.63
Sweden,ALL,2005.0,80.82,3323.0,5.8,24.8,45.71,11.58,141.0,94.61,179.77
Sweden,ALL,2006.0,81.05,3392.0,5.0,28.4,46.04,12.03,146.1,93.57,195.62
Sweden,ALL,2007.0,81.19,3202.0,4.5,28.3,46.42,10.81,137.83,89.78,159.53
Sweden,ALL,2008.0,81.35,3213.0,4.1,32.0,46.84,11.33,137.86,91.94,166.06
Sweden,ALL,2009.0,81.6,3249.0,4.3,28.25,47.29,10.71,138.16,91.89,157.81
Sweden,ALL,2010.0,81.76,3297.0,3.8,27.0,47.78,10.58,144.44,94.2,182.1
Sweden,ALL,2011.0,81.99,3176.0,3.7,24.5,48.32,9.07,143.17,89.63,169.13
Sweden,ALL,2012.0,81.9,3285.0,4.6,26.5,48.87,9.63,143.58,94.41,169.39
Sweden,ALL,2013.0,82.11,3279.0,3.7,24.2,49.43,9.59,140.71,93.85,172.13
Sweden,ALL,2014.0,82.44,3336.0,1.1,21.8,50.01,9.59,142.8,94.46,202.93
Sweden,ALL,2015.0,82.23,3363.0,1.9,20.5,50.56,9.59,137.13,97.86,179.82
Sweden,ALL,2016.0,82.51,3427.0,2.8,20.2,51.13,9.59,139.04,99.0,186.8
Sweden,ALL,2017.0,82.58,3390.0,4.1,17.3,51.68,9.59,139.19,97.95,179.0
Sweden,ALL,2018.0,82.71,3411.0,6.2,18.4,52.23,9.0,138.58,96.73,175.32
Sweden,ALL,2019.0,83.22,3450.0,7.9,15.9,52.76,9.12,138.96,96.96,173.29
Sweden,ALL,2020.0,82.46,3466.0,11.5,33.0,53.29,9.06,140.72,99.18,172.22
Sweden,ALL,2021.0,83.26,3527.0,14.4,29.0,53.8,9.36,146.0,102.49,169.74
Sweden,ALL,2022.0,83.24,3517.0,16.2,28.0,54.32,10.18,144.11,101.28,168.94
