COUNTRY,YEAR,SEX,circulatory_diseases,youth_unemployment_rate,gross_national_income,unemployment_rate,regular_daily_smokers,average_fruit_vegtable_ppd,fat_available_ppd,adult_overweight,self_injury,average_number_of_calories_available_per_person_per_day,total_hospital_beds,Ischaemic_heart_diseas,life_expectancy,alcahol_consumption_liter_per_capita,protein_ppd
Austria,1991.0,ALL,3051.58,3.72,21810.0,3.46,27.5,209.1,159.23,40.09,1.25,3556.0,70143.0,38.53,75.95,14.1,103.15
Austria,1992.0,ALL,3002.43,4.13,24520.0,3.61,35.0,212.51,161.42,40.4,1.44,3546.0,69268.0,37.38,76.13,13.6,103.95
Austria,1995.0,ALL,2844.85,5.91,28190.0,3.66,24.0,200.16,152.79,41.33,1.04,3510.0,67853.0,35.48,76.97,13.4,100.54
Austria,1999.0,ALL,2646.71,5.93,27080.0,3.72,36.3,205.56,157.23,42.58,0.83,3673.0,64594.0,30.69,78.13,12.8,105.49
Austria,2006.0,ALL,1834.76,9.75,41500.0,5.3,23.2,238.95,162.3,44.27,0.79,3719.0,63354.0,18.06,80.19,12.58,101.46
Austria,2014.0,ALL,1496.58,10.27,50390.0,5.6,24.3,191.5,162.15,44.55,0.43,3672.0,64815.0,13.6,81.79,12.4,106.52
Belgium,2000.0,ALL,1764.72,15.29,25890.0,6.9,31.0,192.23,161.53,49.0,1.73,3709.0,79639.0,21.13,77.96,11.21,96.58
Belgium,2001.0,ALL,1691.5,15.37,24460.0,6.6,28.0,185.88,164.94,49.29,1.89,3747.0,78763.0,18.67,78.32,11.01,100.83
Belgium,2002.0,ALL,1693.75,15.66,24060.0,7.5,29.0,196.02,165.81,49.57,1.89,3749.0,78272.0,18.98,78.32,11.29,100.64
Belgium,2003.0,ALL,1675.19,18.98,27100.0,8.2,27.0,203.02,162.06,49.83,1.42,3717.0,77905.0,18.83,78.45,11.28,99.47
Belgium,2004.0,ALL,1576.45,17.5,32910.0,8.4,24.0,211.57,160.79,50.08,1.68,3722.0,77881.0,16.73,79.11,12.05,99.25
Belgium,2005.0,ALL,1497.84,21.47,37780.0,8.5,20.0,194.56,163.34,50.31,1.53,3716.0,77799.0,16.48,79.19,12.21,99.26
Belgium,2006.0,ALL,1367.28,20.49,39940.0,8.3,22.0,209.79,163.62,50.51,1.35,3716.0,70714.0,15.02,79.79,10.94,100.12
Belgium,2007.0,ALL,1328.41,18.81,42740.0,7.5,22.0,213.19,165.2,50.67,1.46,3713.0,70461.0,14.71,79.9,13.43,101.18
Belgium,2008.0,ALL,1283.78,17.96,46570.0,7.0,20.5,219.59,162.36,50.8,1.17,3702.0,70410.0,14.6,80.0,10.51,98.38
Belgium,2013.0,ALL,1078.34,23.7,47900.0,8.6,19.0,172.4,162.32,50.96,0.97,3733.0,69940.0,10.21,80.79,10.33,99.6
Bulgaria,2001.0,ALL,5035.02,39.07,1770.0,17.3,32.7,166.25,92.23,46.23,2.96,2816.0,56984.0,51.23,71.91,11.07,84.36
Bulgaria,2007.0,ALL,4629.05,15.17,4820.0,6.9,39.7,125.08,93.82,48.47,1.73,2734.0,48749.0,41.12,73.07,10.66,76.13
Bulgaria,2008.0,ALL,4399.22,12.79,6070.0,5.6,29.2,112.13,92.48,48.81,1.53,2782.0,49507.0,38.14,73.41,10.73,80.01
Bulgaria,2014.0,ALL,3999.37,23.77,7700.0,11.4,28.2,109.15,88.16,50.4,1.21,2865.0,51505.0,32.5,74.57,10.3,85.53
Cyprus,2008.0,ALL,1503.91,8.45,31970.0,3.7,26.5,199.78,115.2,54.14,1.17,2657.0,2977.0,25.42,81.17,12.03,81.82
Cyprus,2014.0,ALL,1250.39,34.6,26530.0,16.1,25.7,170.7,111.58,54.12,1.0,2995.0,2912.0,20.18,82.39,9.63,91.87
Czechia,1996.0,ALL,3926.55,7.17,5980.0,3.9,26.2,161.67,111.19,54.25,1.63,3319.0,85246.0,59.57,74.02,13.78,95.59
Czechia,1999.0,ALL,3681.6,16.5,6110.0,8.7,23.5,155.84,113.97,53.81,1.44,3118.0,79551.0,47.57,74.94,13.85,91.4
Czechia,2002.0,ALL,3489.91,15.3,6650.0,7.3,24.1,130.23,115.52,53.77,1.26,3243.0,79177.0,39.63,75.51,13.77,92.97
Czechia,2003.0,ALL,3565.33,16.7,8110.0,7.8,27.2,137.69,120.35,53.83,1.27,3319.0,78825.0,37.06,75.4,13.87,92.99
Czechia,2004.0,ALL,3305.35,19.85,10260.0,8.3,25.4,143.9,116.75,53.93,1.15,3322.0,78004.0,35.22,75.96,13.42,96.08
Czechia,2005.0,ALL,3235.22,19.26,12480.0,7.9,24.3,148.71,128.05,54.07,0.87,3318.0,77309.0,33.31,76.18,13.66,99.33
Czechia,2006.0,ALL,2952.07,17.54,14000.0,7.1,23.4,146.58,137.7,54.24,0.96,3279.0,76245.0,32.22,76.82,13.58,95.26
Czechia,2007.0,ALL,2835.52,10.77,15850.0,5.3,24.0,145.66,134.33,54.46,1.02,3261.0,75502.0,32.87,77.1,13.83,95.06
Czechia,2008.0,ALL,2715.49,9.87,18510.0,4.4,21.8,154.39,137.67,54.69,0.71,3268.0,74924.0,31.12,77.42,13.65,93.79
Czechia,2009.0,ALL,2749.94,16.66,18840.0,6.7,23.6,147.78,136.23,54.95,0.82,3276.0,74607.0,29.54,77.5,13.43,92.58
Czechia,2010.0,ALL,2640.59,18.34,19400.0,7.3,22.8,117.89,137.72,55.23,0.76,3276.0,73746.0,29.04,77.81,12.68,92.81
Czechia,2011.0,ALL,2528.11,18.02,19460.0,6.7,21.7,123.47,133.25,55.52,0.81,3251.0,71750.0,29.34,78.06,12.56,90.81
Czechia,2012.0,ALL,2491.89,19.48,19440.0,7.0,22.9,109.28,136.98,55.83,0.81,3243.0,70014.0,27.58,78.24,12.83,86.83
Czechia,2013.0,ALL,2375.89,18.95,19410.0,7.0,22.2,119.87,137.05,56.16,0.84,3256.0,67888.0,28.07,78.4,12.54,87.44
Czechia,2014.0,ALL,2179.19,15.86,18900.0,6.1,22.3,124.04,128.48,56.51,0.7,3197.0,67937.0,25.19,79.02,12.75,87.44
Germany,1992.0,ALL,2775.3,5.97,25810.0,6.3,24.8,195.62,146.1,48.6,1.14,3392.0,796905.0,36.67,76.21,13.84,93.57
Germany,1995.0,ALL,2607.2,8.47,29520.0,7.8,24.3,157.81,138.16,50.25,1.14,3249.0,790756.0,32.89,76.83,13.35,91.89
Germany,1999.0,ALL,2363.51,8.89,26840.0,7.9,24.7,172.13,140.71,52.25,0.88,3279.0,754865.0,26.21,78.09,12.94,93.85
Germany,2003.0,ALL,2231.35,11.02,26140.0,8.9,24.3,179.0,139.19,53.75,0.67,3390.0,721690.0,21.66,78.72,11.92,97.95
Germany,2005.0,ALL,1964.89,15.54,35770.0,10.3,23.2,173.29,138.96,54.3,0.55,3450.0,698303.0,19.81,79.54,11.68,96.96
Germany,2009.0,ALL,1674.37,11.22,43660.0,6.6,21.9,173.24,142.81,54.85,0.53,3515.0,674830.0,16.66,80.41,11.23,102.56
Germany,2013.0,ALL,1547.07,7.82,47220.0,4.6,20.9,149.27,141.84,54.69,0.47,3499.0,667560.0,14.82,80.71,11.08,101.56
Denmark,1997.0,ALL,2099.66,8.1,35150.0,7.9,33.0,178.71,128.9,39.31,1.18,3365.0,24538.0,25.61,76.27,12.2,104.3
Denmark,1998.0,ALL,2002.1,7.18,33460.0,6.6,33.0,157.17,134.13,39.94,0.93,3395.0,24082.0,24.07,76.74,11.69,107.87
Denmark,1999.0,ALL,2003.46,9.9,33060.0,5.7,31.0,187.17,131.69,40.56,1.07,3332.0,23352.0,21.95,76.53,11.62,103.46
Denmark,2000.0,ALL,1904.33,6.73,32580.0,5.4,30.5,192.5,133.99,41.15,1.23,3313.0,22927.0,20.41,77.21,11.68,99.86
Denmark,2001.0,ALL,1919.22,8.22,31410.0,5.3,29.5,183.31,135.54,41.7,0.88,3335.0,22604.0,19.27,77.3,11.54,107.62
Denmark,2002.0,ALL,1866.27,7.03,30850.0,5.1,28.0,259.15,130.59,42.22,0.9,3373.0,23040.0,16.69,77.27,11.32,107.32
Denmark,2003.0,ALL,1790.11,9.81,34750.0,6.2,28.0,237.78,130.11,42.71,1.14,3343.0,22281.0,16.68,77.58,11.53,103.36
Denmark,2004.0,ALL,1660.26,7.78,42640.0,6.4,26.0,237.56,133.35,43.15,0.64,3382.0,21462.0,15.06,77.98,11.26,105.56
Denmark,2005.0,ALL,1567.59,8.61,49610.0,4.8,26.0,234.06,137.46,43.54,0.99,3414.0,20902.0,13.05,78.44,11.26,115.63
Denmark,2006.0,ALL,1473.7,7.68,53540.0,3.9,25.0,226.52,130.9,43.88,0.69,3407.0,20613.0,13.36,78.5,11.02,112.93
Denmark,2007.0,ALL,1377.04,7.49,55740.0,3.4,24.0,208.29,130.43,44.15,0.8,3445.0,20159.0,11.98,78.61,10.99,110.58
Denmark,2008.0,ALL,1271.4,9.45,60390.0,1.9,23.0,211.15,127.22,44.37,0.81,3326.0,19615.0,11.53,78.98,10.7,109.26
Denmark,2009.0,ALL,1215.04,13.42,60090.0,3.6,19.0,238.86,131.31,44.53,0.81,3340.0,19296.0,11.18,79.2,10.08,103.86
Denmark,2010.0,ALL,1188.67,15.56,61220.0,6.0,20.0,192.6,126.75,44.62,0.77,3365.0,19405.0,10.17,79.52,10.27,109.45
Denmark,2011.0,ALL,1059.33,16.3,61990.0,7.6,18.0,188.01,129.92,44.68,0.78,3334.0,17433.0,9.92,80.07,10.45,104.33
Denmark,2013.0,ALL,991.26,14.73,63200.0,5.8,17.0,155.67,131.41,44.72,0.37,3363.0,17241.0,9.02,80.56,9.44,111.13
Denmark,2014.0,ALL,919.89,14.15,63670.0,5.0,17.0,156.42,131.42,44.74,0.66,3355.0,15174.0,8.44,80.99,9.55,108.67
Denmark,2015.0,ALL,933.23,12.11,60510.0,4.5,17.0,151.4,131.42,44.76,0.58,3342.0,14380.0,8.34,81.03,9.42,109.56
Spain,1993.0,ALL,1970.51,42.2,15010.0,22.7,32.1,281.01,144.68,51.5,0.93,3308.0,158944.0,20.03,77.74,11.67,108.24
Spain,1995.0,ALL,1836.73,41.81,14830.0,22.9,33.7,240.12,141.04,52.28,0.85,3217.0,154644.0,18.94,78.1,11.09,107.7
Spain,1997.0,ALL,1741.85,39.03,15820.0,20.8,33.2,274.56,146.08,53.14,0.82,3302.0,151345.0,18.48,78.71,11.69,108.59
Spain,2001.0,ALL,1450.16,20.71,15540.0,10.6,31.7,266.59,152.63,54.81,0.94,3332.0,146369.0,16.26,79.8,12.01,112.82
Spain,2003.0,ALL,1433.3,22.33,18080.0,11.5,28.1,261.63,149.34,55.47,0.97,3297.0,144916.0,15.52,79.78,11.04,113.76
Spain,2006.0,ALL,1199.31,17.93,27850.0,8.45,26.4,254.63,144.94,55.98,0.79,3227.0,146241.0,13.71,81.21,11.86,110.17
Spain,2009.0,ALL,1083.57,37.79,32560.0,17.86,26.16,234.95,144.28,55.71,0.68,3205.0,146310.0,11.72,81.91,9.99,108.02
Spain,2011.0,ALL,1006.2,46.21,31020.0,21.39,23.95,197.98,143.96,55.07,0.69,3188.0,142640.0,10.52,82.45,8.74,105.6
Spain,2014.0,ALL,893.43,53.17,29140.0,24.44,22.98,210.13,141.43,53.73,0.62,3163.0,137938.0,10.25,83.35,7.85,104.84
Estonia,2000.0,ALL,3851.18,21.11,4170.0,14.6,30.3,152.32,86.54,47.13,12.48,3050.0,9828.0,75.62,71.3,9.03,88.97
Estonia,2002.0,ALL,3812.55,20.2,4620.0,11.2,28.3,149.93,99.06,48.37,11.14,3043.0,8248.0,74.09,71.52,12.16,92.37
Estonia,2004.0,ALL,3560.22,25.61,7500.0,10.1,32.8,159.01,97.83,49.62,7.6,3080.0,7690.0,65.06,72.5,15.52,84.91
Estonia,2006.0,ALL,3356.48,12.11,11500.0,5.9,27.8,147.6,94.98,50.79,7.03,3203.0,7476.0,54.36,73.28,17.87,93.64
Estonia,2008.0,ALL,3167.24,12.02,15190.0,5.5,26.2,179.39,93.83,51.84,6.35,3313.0,7530.0,45.69,74.44,16.61,100.68
Estonia,2010.0,ALL,2945.87,32.91,14580.0,16.7,26.2,157.97,91.96,52.74,4.35,3305.0,7022.0,39.14,76.11,14.97,98.43
Estonia,2012.0,ALL,2628.78,20.87,16760.0,10.0,26.0,153.05,93.83,53.53,4.79,3223.0,7309.0,33.39,76.75,16.96,96.48
Estonia,2014.0,ALL,2451.31,14.98,18880.0,7.4,22.1,167.84,106.64,54.27,2.95,3210.0,6584.0,29.61,77.47,17.29,100.22
Finland,1993.0,ALL,2846.54,30.79,20680.0,16.3,24.0,134.79,125.21,48.41,3.18,3038.0,41807.0,49.38,75.99,8.39,91.97
Finland,1994.0,ALL,2591.29,31.15,20170.0,16.6,23.0,148.15,121.9,48.9,3.17,2989.0,41695.0,46.41,76.79,8.16,94.92
Finland,1995.0,ALL,2624.02,40.82,22030.0,15.4,24.0,117.54,127.91,49.39,2.88,3031.0,41483.0,44.23,76.75,8.31,97.7
Finland,1996.0,ALL,2403.82,41.19,24970.0,14.6,22.0,139.95,124.17,49.88,3.29,3017.0,41591.0,41.88,77.05,8.24,99.1
Finland,1997.0,ALL,2320.28,35.22,26680.0,12.7,24.0,144.06,129.98,50.36,2.64,3150.0,40586.0,38.28,77.24,8.56,101.55
Finland,1998.0,ALL,2253.6,34.4,25820.0,11.4,25.0,135.49,133.7,50.82,2.32,3177.0,40055.0,38.09,77.47,8.6,102.9
Finland,1999.0,ALL,2215.29,29.84,26050.0,10.2,23.0,157.68,128.07,51.27,2.67,3173.0,39285.0,36.09,77.63,8.62,101.09
Finland,2000.0,ALL,2149.31,29.67,26480.0,9.8,23.0,153.29,122.94,51.69,2.59,3151.0,39027.03,37.27,77.87,8.88,101.17
Finland,2001.0,ALL,2066.81,27.76,25850.0,9.1,24.0,160.95,126.5,52.07,2.85,3171.0,38715.09,31.07,78.35,8.94,102.25
Finland,2002.0,ALL,2056.51,29.43,25620.0,9.1,23.4,155.7,127.48,52.42,2.57,3152.0,38231.8,30.59,78.46,9.25,102.13
Finland,2003.0,ALL,1962.26,28.87,28800.0,9.0,22.2,164.41,125.98,52.75,1.84,3154.0,37759.31,30.83,78.71,9.31,104.3
Finland,2004.0,ALL,1814.36,28.34,35380.0,8.8,23.0,171.03,126.07,53.04,2.42,3188.0,37116.7,29.68,78.98,9.89,105.31
Finland,2005.0,ALL,1779.21,19.97,40230.0,8.4,22.0,173.07,127.53,53.3,1.96,3201.0,37000.28,27.36,79.35,9.95,105.97
Finland,2006.0,ALL,1731.6,18.62,42840.0,7.7,21.0,164.43,129.1,53.53,1.94,3237.0,36793.36,26.04,79.67,10.15,108.12
Finland,2007.0,ALL,1711.16,16.42,46190.0,6.9,20.0,172.62,131.66,53.73,2.15,3281.0,35609.07,25.33,79.7,10.45,110.48
Finland,2008.0,ALL,1655.21,16.34,50160.0,6.4,20.0,165.63,131.69,53.88,2.21,3236.0,34900.45,24.2,80.03,10.26,111.77
Finland,2009.0,ALL,1619.55,21.38,48950.0,8.2,18.0,174.5,131.09,54.01,1.9,3233.0,33379.69,22.23,80.18,9.96,109.87
Finland,2010.0,ALL,1581.57,21.26,49750.0,8.4,18.0,135.16,133.26,54.1,1.88,3243.0,31396.19,21.85,80.34,9.72,112.17
Finland,2011.0,ALL,1510.68,19.92,50260.0,7.8,17.0,145.51,137.68,54.18,1.86,3265.0,29751.23,21.29,80.76,9.81,113.87
Finland,2012.0,ALL,1485.31,18.85,48970.0,7.7,16.0,142.79,141.28,54.24,1.36,3327.0,28684.98,19.02,80.83,9.27,116.04
Finland,2013.0,ALL,1400.45,19.78,49510.0,8.2,18.0,145.72,141.37,54.31,1.47,3305.0,26499.49,17.34,81.24,9.08,116.37
Finland,2014.0,ALL,1362.99,20.4,49420.0,8.7,17.0,151.97,142.06,54.38,1.45,3320.0,24740.91,17.03,81.35,8.76,118.01
France,2000.0,ALL,1261.87,20.52,24990.0,8.5,27.0,206.8,169.87,41.47,0.85,3605.0,484279.0,12.0,79.34,13.92,117.45
France,2002.0,ALL,1212.82,18.88,23150.0,7.9,25.9,210.27,171.12,41.55,0.8,3656.0,475431.0,11.03,79.54,13.92,118.87
France,2003.0,ALL,1218.14,17.2,26000.0,8.5,25.4,202.99,168.41,41.55,0.74,3587.0,468418.0,10.78,79.44,13.45,116.25
France,2005.0,ALL,1080.6,20.18,35920.0,8.9,27.1,216.29,162.9,41.42,0.71,3538.0,455175.0,9.8,80.48,12.88,111.29
France,2010.0,ALL,846.42,22.44,43970.0,9.3,29.7,176.77,162.68,40.13,0.64,3527.0,416710.0,8.14,81.97,12.3,112.42
France,2014.0,ALL,721.43,24.17,43340.0,9.9,28.6,175.02,149.3,38.26,0.45,3411.0,410921.0,6.99,83.14,12.07,107.14
Greece,2009.0,ALL,1848.64,25.55,29420.0,9.6,31.9,392.16,153.86,58.65,1.33,3505.0,54704.0,28.85,80.34,8.32,113.27
Greece,2014.0,ALL,1356.33,52.32,22010.0,26.5,27.3,271.38,152.15,59.84,0.97,3439.0,46160.0,24.52,81.56,7.06,109.06
Croatia,2000.0,ALL,4438.28,41.6,5260.0,21.1,30.3,181.65,80.92,50.19,2.62,2556.0,26955.0,39.87,72.99,13.24,66.69
Croatia,2003.0,ALL,3830.69,35.54,6730.0,19.2,27.4,193.27,88.53,52.16,1.54,2868.0,24927.0,39.03,74.73,12.99,75.65
Croatia,2014.0,ALL,2406.6,45.53,13500.0,17.3,27.5,139.65,108.19,59.32,0.8,2977.0,25036.0,28.6,78.0,9.5,84.79
Hungary,2000.0,ALL,3883.29,12.3,4620.0,6.4,30.2,180.98,134.52,51.54,2.53,3172.0,83271.0,65.57,71.49,12.23,91.15
Hungary,2003.0,ALL,3637.86,12.83,6630.0,5.9,30.4,183.64,129.19,53.07,1.87,3061.0,79976.0,59.31,72.59,13.24,87.27
Hungary,2009.0,ALL,2985.25,26.38,13420.0,9.7,26.5,187.28,136.72,56.13,1.32,3140.0,71600.0,53.02,74.45,11.52,85.1
Hungary,2014.0,ALL,2740.79,20.34,13560.0,7.5,25.8,159.73,138.09,58.38,0.8,3110.0,68910.0,44.33,76.02,10.92,83.05
Ireland,1991.0,ALL,3004.18,22.47,13130.0,19.0,28.0,139.44,131.85,50.89,0.65,3577.0,28090.0,60.9,75.03,12.2,115.34
Ireland,1992.0,ALL,2916.37,22.04,14440.0,15.1,30.0,145.13,131.84,51.73,0.8,3621.0,27096.0,55.72,75.45,12.51,112.86
Ireland,1993.0,ALL,2955.81,24.12,14600.0,16.7,28.0,146.58,122.29,52.57,0.67,3530.0,25868.0,59.03,75.33,12.34,109.79
Ireland,1994.0,ALL,2886.45,22.2,15480.0,15.1,29.0,147.86,128.38,53.38,0.7,3575.0,25353.0,53.69,75.78,12.67,106.46
Ireland,1995.0,ALL,2869.43,18.25,16920.0,14.1,29.0,127.58,126.34,54.19,0.76,3510.0,25168.0,52.1,75.48,12.86,106.84
Ireland,1998.0,ALL,2541.49,11.08,21430.0,7.4,33.0,138.07,140.11,56.5,1.06,3678.0,23735.0,44.3,76.24,14.44,114.54
Ireland,2002.0,ALL,2102.89,7.49,24920.0,4.4,27.0,191.16,133.88,59.18,1.02,3583.0,22732.0,31.46,77.75,13.95,116.64
Ireland,2004.0,ALL,1811.51,8.01,37840.0,4.5,23.9,195.86,134.5,60.27,0.56,3573.0,22961.0,26.74,78.69,13.11,116.96
Ireland,2005.0,ALL,1682.81,8.23,44640.0,4.4,23.9,183.42,134.12,60.77,0.89,3485.0,22711.0,23.87,79.2,13.06,113.03
Ireland,2006.0,ALL,1626.98,8.27,47950.0,4.8,24.7,191.93,125.44,61.22,0.91,3503.0,22472.0,21.46,79.4,13.12,114.19
Ireland,2007.0,ALL,1592.0,9.2,50530.0,5.0,29.0,221.24,129.49,61.61,1.02,3532.0,22421.0,24.3,79.77,13.17,111.61
Ireland,2008.0,ALL,1547.36,13.59,50940.0,6.0,27.0,237.7,133.24,61.94,0.85,3582.0,21789.0,20.43,79.98,12.18,112.3
Italy,1993.0,ALL,2251.36,30.23,21590.0,10.1,25.7,298.33,144.4,46.05,1.65,3473.0,380420.0,22.09,77.7,10.27,107.71
Italy,1994.0,ALL,2203.27,31.9,20860.0,10.61,25.4,302.27,147.07,46.15,1.49,3489.0,373408.0,21.27,77.92,10.12,108.08
Italy,1995.0,ALL,2151.52,33.6,20670.0,11.17,25.6,297.11,146.75,46.29,1.42,3508.0,356242.0,20.03,78.17,9.62,107.48
Italy,1996.0,ALL,2044.13,34.88,21830.0,11.17,26.4,307.22,148.71,46.47,1.37,3567.0,372352.0,19.06,78.56,9.13,110.45
Italy,1997.0,ALL,2016.59,34.74,22300.0,11.25,25.2,296.21,149.75,46.68,1.17,3582.0,334613.0,18.36,78.84,9.12,110.11
Italy,1998.0,ALL,2037.36,33.93,22220.0,11.34,24.7,294.5,156.85,46.92,1.22,3674.0,315848.0,18.35,78.94,8.98,113.01
Italy,1999.0,ALL,1941.79,33.08,21990.0,10.87,24.7,321.92,159.16,47.18,1.17,3695.0,280438.0,16.61,79.34,8.86,114.75
Italy,2000.0,ALL,1851.07,31.55,21910.0,10.03,24.4,343.25,153.68,47.45,0.99,3668.0,268057.0,15.69,79.74,9.78,113.93
Italy,2001.0,ALL,1746.46,27.88,21190.0,9.0,24.1,293.97,155.24,47.73,0.91,3671.0,262861.0,14.81,80.09,9.68,113.66
Italy,2002.0,ALL,1715.61,27.21,20770.0,8.47,24.0,288.21,155.36,48.0,0.93,3661.0,253411.0,14.46,80.38,9.25,113.12
Italy,2003.0,ALL,1731.2,27.0,23410.0,8.43,24.2,308.4,152.49,48.27,1.07,3621.0,239566.0,14.45,80.17,9.3,111.69
Italy,2005.0,ALL,1594.19,24.1,32480.0,7.8,22.3,336.96,147.86,48.75,0.88,3567.0,234375.0,12.93,80.9,8.65,111.36
Italy,2006.0,ALL,1438.99,21.79,34280.0,6.8,23.0,321.63,156.45,48.95,0.86,3625.0,232168.0,12.32,81.58,8.44,110.88
Italy,2007.0,ALL,1409.19,20.37,35930.0,6.1,22.4,319.32,156.4,49.11,0.91,3618.0,228286.0,11.57,81.69,8.37,110.73
Italy,2008.0,ALL,1364.39,21.19,37980.0,6.8,22.4,308.99,155.89,49.24,0.81,3595.0,223015.0,11.48,81.9,7.96,110.59
Italy,2009.0,ALL,1317.54,25.38,37990.0,7.9,23.3,349.21,152.73,49.33,0.82,3599.0,218264.0,10.91,82.07,7.25,112.01
Italy,2010.0,ALL,1256.58,27.94,37960.0,8.5,23.1,297.95,156.51,49.36,0.73,3583.0,215980.0,10.43,82.5,6.95,111.71
Italy,2011.0,ALL,1247.22,29.24,37980.0,8.5,22.5,285.86,157.55,49.36,0.74,3575.0,208854.0,10.49,82.41,6.98,109.97
Italy,2012.0,ALL,1249.27,35.4,36220.0,10.9,22.1,261.59,157.91,49.34,0.74,3575.0,203723.0,9.89,82.39,7.48,109.11
Italy,2013.0,ALL,1169.68,40.15,35570.0,12.4,21.1,266.16,154.75,49.31,0.65,3579.0,199474.0,9.36,82.92,7.35,108.55
Lithuania,1998.0,ALL,3939.72,25.23,2860.0,13.2,28.3,146.98,75.24,53.28,8.64,3194.0,32185.0,69.65,71.44,6.35,100.76
Lithuania,2000.0,ALL,3702.8,28.56,3210.0,16.4,32.0,159.13,75.44,53.32,9.97,3160.0,30912.0,64.37,72.2,9.87,104.83
Lithuania,2002.0,ALL,3855.41,20.45,3820.0,13.8,28.25,147.14,89.97,53.55,7.17,3276.0,27892.0,69.79,71.86,11.0,108.2
Lithuania,2004.0,ALL,3656.26,20.26,6010.0,10.9,27.0,162.41,94.9,53.94,8.46,3361.0,25551.0,74.31,72.05,12.1,116.77
Lithuania,2005.0,ALL,3762.92,15.75,7560.0,8.3,24.5,189.47,100.81,54.17,9.08,3463.0,24200.0,81.48,71.27,12.42,120.0
Lithuania,2006.0,ALL,3702.67,9.97,8800.0,5.8,26.5,195.76,101.33,54.41,7.56,3466.0,23379.0,83.48,71.02,13.34,118.88
Lithuania,2008.0,ALL,3465.67,13.37,12680.0,5.8,24.2,162.34,102.63,54.9,7.34,3522.0,22958.0,76.09,71.82,13.79,127.1
Lithuania,2010.0,ALL,3347.3,35.72,12570.0,17.8,21.8,117.91,97.92,55.39,5.33,3290.0,22190.0,69.42,73.32,13.22,114.36
Lithuania,2012.0,ALL,3136.66,26.63,14100.0,13.4,20.5,147.37,92.0,55.89,4.3,3330.0,22206.0,65.89,74.16,14.97,115.45
Lithuania,2014.0,ALL,2947.74,19.25,16070.0,10.7,20.2,140.64,94.99,56.41,3.68,3387.0,21176.0,57.98,74.79,14.9,120.39
Luxembourg,2004.0,ALL,1706.29,16.85,62680.0,5.11,27.0,289.94,155.74,50.63,0.47,3489.0,2929.0,18.8,80.04,12.34,108.11
Luxembourg,2005.0,ALL,1711.64,13.68,73180.0,4.49,23.0,276.72,151.94,50.94,1.5,3502.0,2691.0,14.71,80.26,12.31,110.05
Luxembourg,2006.0,ALL,1702.49,15.98,71370.0,4.73,21.0,287.6,146.63,51.19,1.35,3505.0,2671.0,23.6,80.09,12.5,109.84
Luxembourg,2007.0,ALL,1638.1,14.82,85730.0,4.07,21.0,274.82,145.07,51.4,1.2,3501.0,2721.0,13.35,80.3,12.27,108.71
Luxembourg,2008.0,ALL,1473.97,17.75,86000.0,5.06,20.0,295.19,146.16,51.55,1.13,3511.0,2721.0,14.74,81.54,11.99,108.17
Luxembourg,2009.0,ALL,1426.84,17.09,70650.0,5.12,19.0,256.46,143.81,51.66,0.92,3511.0,2721.0,10.37,81.55,11.98,108.09
Luxembourg,2010.0,ALL,1283.21,14.17,77640.0,4.36,18.0,196.18,140.34,51.72,2.06,3526.0,2721.0,12.11,81.48,11.84,110.28
Luxembourg,2011.0,ALL,1277.2,16.74,79210.0,4.9,17.0,192.16,137.69,51.75,0.45,3533.0,2736.0,10.68,81.65,11.74,113.96
Luxembourg,2012.0,ALL,1183.69,18.61,87950.0,5.14,17.0,187.81,140.37,51.75,0.17,3541.0,2736.0,9.24,82.18,11.67,115.68
Luxembourg,2013.0,ALL,1068.79,15.4,85160.0,5.85,16.0,186.95,141.93,51.73,0.16,3539.0,2746.0,13.43,82.72,11.25,113.96
Luxembourg,2014.0,ALL,1039.5,22.2,86760.0,5.85,15.0,174.16,137.99,51.7,0.66,3495.0,2746.0,11.61,83.03,11.42,111.76
Luxembourg,2015.0,ALL,1007.34,17.26,73530.0,6.67,15.0,172.57,139.84,51.67,0.75,3467.0,2746.0,9.82,83.08,11.37,112.23
Latvia,1998.0,ALL,4295.85,26.95,2870.0,14.1,35.7,114.61,89.1,46.97,12.79,2847.0,23165.0,100.26,69.11,8.94,80.38
Latvia,1999.0,ALL,4160.86,23.57,2990.0,14.3,29.2,134.09,89.16,47.41,12.47,2839.0,21594.0,87.94,70.18,8.84,79.69
Latvia,2000.0,ALL,4120.48,21.27,3320.0,14.4,33.0,130.07,92.44,47.9,12.45,2785.0,20773.0,88.27,70.51,7.13,76.96
Latvia,2002.0,ALL,4126.67,25.29,3940.0,12.5,33.2,153.97,109.41,48.97,11.16,3005.0,18174.0,91.22,70.25,7.44,81.26
Latvia,2004.0,ALL,3996.2,21.81,5830.0,11.7,30.1,161.3,119.5,50.13,9.3,3077.0,17911.0,84.32,70.98,8.81,86.04
Latvia,2006.0,ALL,3710.21,13.63,8930.0,7.0,30.4,162.53,128.18,51.31,9.47,3213.0,17407.0,94.25,70.6,10.4,90.76
Latvia,2008.0,ALL,3403.37,13.67,13530.0,7.7,27.9,158.61,120.4,52.45,7.45,3157.0,16907.0,79.65,72.13,11.84,96.02
Latvia,2010.0,ALL,3290.18,36.18,12650.0,19.5,33.7,137.6,120.0,53.51,5.99,3136.0,11920.0,69.29,73.16,9.83,96.33
Latvia,2012.0,ALL,3223.88,28.51,13800.0,15.0,34.3,141.72,118.0,54.51,5.92,3108.0,11972.0,61.47,74.13,10.2,92.09
Latvia,2014.0,ALL,3065.04,19.59,15340.0,10.8,36.1,171.18,122.47,55.48,6.35,3208.0,11279.0,55.55,74.77,10.6,98.68
Malta,2002.0,ALL,2258.5,15.49,10710.0,6.9,23.4,279.18,104.15,63.05,1.27,3343.0,2963.0,29.9,78.73,6.12,110.33
Malta,2008.0,ALL,1697.4,11.67,20410.0,6.0,20.4,306.39,111.24,64.48,1.21,3371.0,3025.0,25.4,79.85,6.87,112.39
Malta,2009.0,ALL,1677.74,14.57,20310.0,6.9,20.4,300.76,110.67,64.58,0.68,3379.0,1993.0,17.99,80.5,7.1,109.52
Malta,2014.0,ALL,1351.94,11.69,24560.0,5.8,20.1,266.92,117.71,64.64,0.79,3415.0,1994.0,17.76,82.24,7.14,115.74
Netherlands,1991.0,ALL,2122.43,11.1,21280.0,5.4,38.0,206.03,139.0,40.17,1.11,3344.0,86359.0,34.63,77.32,10.03,99.4
Netherlands,1992.0,ALL,2082.37,8.15,23520.0,5.3,36.2,256.4,136.28,40.77,1.21,3315.0,86015.0,31.4,77.53,10.03,98.61
Netherlands,1993.0,ALL,2162.68,10.46,24040.0,6.5,36.1,210.99,148.67,41.37,1.19,3323.0,85192.0,30.87,77.16,9.67,102.94
Netherlands,1994.0,ALL,2023.4,11.35,25370.0,7.5,37.1,211.98,136.87,41.98,1.04,3236.0,82692.0,29.29,77.67,9.68,101.09
Netherlands,1995.0,ALL,2008.84,12.15,27690.0,7.0,35.7,213.79,145.94,42.6,1.2,3364.0,81437.0,27.76,77.7,9.8,110.21
Netherlands,1996.0,ALL,1944.06,11.46,29750.0,6.6,35.7,205.79,148.76,43.21,1.32,3374.0,80907.0,22.82,77.72,9.8,109.25
Netherlands,1997.0,ALL,1855.07,9.76,29800.0,5.5,35.5,182.46,146.77,43.82,1.29,3271.0,80964.0,20.83,78.1,10.05,104.41
Netherlands,1998.0,ALL,1833.17,8.75,28260.0,4.4,34.6,177.55,156.39,44.4,1.07,3361.0,80195.0,20.21,78.17,9.93,106.66
Netherlands,1999.0,ALL,1800.69,7.39,28670.0,3.5,33.8,217.51,148.0,44.96,1.25,3283.0,79690.0,18.96,78.1,10.06,104.89
Netherlands,2000.0,ALL,1751.15,5.27,28840.0,2.9,32.4,219.03,146.17,45.47,1.1,3265.0,76859.0,21.53,78.28,10.13,107.25
Netherlands,2001.0,ALL,1680.74,4.39,27420.0,2.6,28.81,223.29,143.72,45.94,1.23,3254.0,74625.0,18.37,78.49,9.82,108.78
Netherlands,2002.0,ALL,1657.23,4.58,27090.0,3.1,27.62,229.92,143.95,46.35,1.19,3249.0,73814.0,17.74,78.56,9.72,102.0
Netherlands,2003.0,ALL,1592.98,6.59,31030.0,5.9,26.7,213.43,130.35,46.72,1.21,3141.0,73011.0,17.9,78.79,9.48,97.67
Netherlands,2004.0,ALL,1498.06,8.02,37390.0,6.8,25.38,224.26,133.44,47.03,1.15,3197.0,72804.0,15.01,79.41,9.57,105.06
Netherlands,2005.0,ALL,1421.33,11.87,42110.0,7.0,25.21,213.11,140.09,47.27,1.06,3231.0,72698.0,14.42,79.67,9.5,105.05
Netherlands,2006.0,ALL,1331.83,10.02,45950.0,6.1,25.2,224.25,132.44,47.46,0.78,3213.0,78140.0,13.02,80.07,9.58,108.6
Netherlands,2007.0,ALL,1269.93,9.36,49150.0,5.3,23.15,240.67,131.63,47.58,0.9,3237.0,77680.0,11.91,80.53,9.45,106.02
Netherlands,2008.0,ALL,1213.81,8.56,52770.0,4.8,23.29,228.71,132.7,47.64,0.93,3228.0,77270.0,10.9,80.67,9.51,108.0
Netherlands,2009.0,ALL,1142.6,10.2,53840.0,5.4,22.61,199.79,126.98,47.63,0.94,3213.0,76980.0,10.29,81.0,9.12,110.69
Poland,2004.0,ALL,2866.6,39.83,6250.0,19.0,32.0,177.29,113.15,51.91,1.46,3380.0,254601.0,35.66,74.98,9.19,99.1
Poland,2005.0,ALL,2776.15,36.65,7340.0,17.6,33.0,166.11,113.32,52.61,1.41,3370.0,248860.0,33.23,75.12,9.07,98.71
Poland,2006.0,ALL,2673.45,29.66,8460.0,13.8,29.0,164.63,112.39,53.3,1.44,3353.0,246851.0,32.51,75.38,9.74,98.72
Poland,2009.0,ALL,2552.36,20.52,12500.0,11.9,29.0,180.81,116.52,55.27,1.02,3418.0,253815.0,27.1,75.91,10.17,100.66
Poland,2011.0,ALL,2275.4,25.62,12890.0,12.5,31.0,183.12,124.05,56.49,1.0,3471.0,252281.0,24.07,76.91,10.24,102.85
Poland,2013.0,ALL,2253.6,27.17,13390.0,13.4,27.0,161.2,118.88,57.66,1.02,3404.0,251383.0,22.58,77.21,10.8,101.07
Portugal,1994.0,ALL,2612.05,14.64,10450.0,6.8,26.0,265.9,124.43,49.59,1.51,3489.0,39219.0,20.5,75.52,14.05,108.33
Portugal,1996.0,ALL,2565.89,17.04,12100.0,7.2,19.5,283.03,127.62,50.43,1.25,3507.0,40099.0,19.8,75.34,12.84,109.24
Portugal,1999.0,ALL,2213.84,9.17,12260.0,4.4,20.5,322.78,133.18,51.75,1.12,3561.0,38262.0,17.85,76.26,13.18,114.29
Portugal,2014.0,ALL,1100.92,34.79,21200.0,14.5,16.8,250.62,133.24,54.61,0.91,3377.0,34522.0,12.37,81.39,10.2,111.12
Romania,1992.0,ALL,5495.62,24.64,1250.0,8.4,22.2,148.25,83.56,39.88,5.15,2835.0,179169.0,65.27,69.58,8.81,85.27
Romania,1994.0,ALL,5328.18,22.25,1270.0,10.9,22.5,182.39,80.68,40.49,4.54,2931.0,174900.0,70.9,69.36,7.84,89.61
Romania,2000.0,ALL,4870.53,17.74,1710.0,6.9,20.8,199.7,91.4,43.54,3.58,3141.0,172656.0,62.58,71.24,9.0,94.86
Romania,2003.0,ALL,5069.01,19.44,2250.0,7.0,21.4,260.46,101.73,45.97,3.77,3365.0,146620.0,61.69,71.32,11.55,106.37
Romania,2008.0,ALL,4117.53,18.75,8800.0,4.4,20.2,235.37,107.62,50.83,2.31,3402.0,141327.0,50.98,73.47,12.38,110.58
Romania,2011.0,ALL,3844.74,23.64,8650.0,5.2,26.8,254.46,102.77,53.91,1.83,3336.0,130970.0,42.4,74.6,9.58,104.02
Slovakia,1998.0,ALL,4164.83,23.05,5430.0,13.7,32.0,170.34,105.48,49.17,2.13,2939.0,43348.0,60.65,72.8,12.13,78.24
Slovakia,2003.0,ALL,3928.19,33.05,6980.0,17.4,22.1,132.91,105.58,51.11,1.91,2790.0,38938.0,48.96,73.88,10.23,73.75
Slovakia,2004.0,ALL,3800.29,32.91,9060.0,18.2,28.0,132.31,104.61,51.59,1.73,2817.0,37129.0,47.54,74.31,10.52,71.26
Slovakia,2009.0,ALL,3338.26,27.4,17150.0,12.1,19.4,162.88,108.2,54.12,1.1,2899.0,35248.0,47.38,75.42,11.13,72.53
Slovakia,2014.0,ALL,2413.56,29.7,18280.0,13.2,22.9,107.33,118.8,56.6,0.81,2823.0,31348.0,33.45,77.07,10.26,71.58
Slovenia,1999.0,ALL,2513.93,18.5,11320.0,7.6,24.5,218.11,105.84,50.61,1.43,3062.0,10959.0,25.32,75.76,12.28,103.52
Slovenia,2001.0,ALL,2234.95,15.69,10950.0,6.4,23.7,186.02,115.36,51.36,0.75,3055.0,10286.0,24.53,76.48,11.58,99.98
Slovenia,2005.0,ALL,2218.48,15.97,18310.0,6.5,23.0,239.31,117.61,52.69,1.08,3071.0,9666.0,19.33,77.57,11.19,98.09
Slovenia,2006.0,ALL,1984.12,13.87,19820.0,6.0,18.5,218.26,118.94,52.95,0.56,3120.0,9567.0,17.24,78.35,12.26,98.18
Slovenia,2007.0,ALL,2013.04,10.11,21800.0,4.9,18.9,202.82,119.6,53.18,0.92,3143.0,9414.0,17.43,78.53,11.02,98.26
Slovenia,2012.0,ALL,1623.68,20.64,23260.0,8.9,19.2,162.9,118.88,53.77,0.68,3160.0,9349.0,16.48,80.39,10.95,98.26
Slovenia,2014.0,ALL,1575.67,20.24,23620.0,9.7,18.9,190.03,113.56,53.85,0.93,3203.0,9356.0,15.05,81.34,10.92,98.94
Sweden,1991.0,ALL,2539.1,7.85,29110.0,3.9,25.1,149.92,122.4,39.5,1.47,2942.0,102152.0,37.68,77.94,7.47,94.14
Sweden,1992.0,ALL,2469.66,13.51,31340.0,6.5,25.9,154.81,123.68,40.12,1.38,3053.0,57778.0,34.13,78.33,7.5,98.68
Sweden,1993.0,ALL,2470.8,22.46,28200.0,10.2,23.3,153.16,128.88,40.75,1.29,3137.0,52991.0,32.98,78.32,7.51,100.6
Sweden,1994.0,ALL,2275.78,22.4,27690.0,10.6,22.7,161.21,125.62,41.41,1.2,3087.0,45537.0,31.45,79.03,7.71,100.15
Sweden,1995.0,ALL,2287.55,19.34,28070.0,10.0,22.8,146.87,132.91,42.08,0.99,3088.0,42359.0,30.84,79.07,7.33,96.11
Sweden,1996.0,ALL,2228.28,21.05,30400.0,10.7,22.3,152.59,123.81,42.76,1.22,3039.0,38139.0,27.01,79.29,6.9,97.27
Sweden,1997.0,ALL,2155.95,21.31,31390.0,11.0,19.2,162.69,128.97,43.45,1.06,3087.0,34885.0,18.63,79.49,7.11,99.56
Sweden,1998.0,ALL,2129.58,17.1,31110.0,9.3,19.1,164.85,123.79,44.13,1.13,3063.0,33234.0,16.7,79.58,6.8,99.97
Sweden,1999.0,ALL,2078.05,15.88,31300.0,7.9,19.3,173.36,124.57,44.78,1.19,3115.0,32755.0,24.1,79.63,6.88,102.34
Sweden,2000.0,ALL,1994.41,9.31,31610.0,6.7,18.9,172.11,122.96,45.4,1.02,3099.0,31765.0,23.51,79.92,6.2,101.92
Sweden,2001.0,ALL,1938.38,11.66,29720.0,5.9,18.9,176.9,124.55,45.99,0.94,3124.0,29122.0,22.5,80.01,6.5,103.9
Sweden,2002.0,ALL,1909.05,12.94,29090.0,6.0,17.8,185.83,125.01,46.53,1.15,3133.0,27925.0,21.11,80.09,6.88,107.7
Sweden,2003.0,ALL,1841.39,14.3,32750.0,6.6,17.5,193.68,123.61,47.04,0.92,3124.0,27332.0,20.09,80.37,6.88,108.19
Sweden,2004.0,ALL,1720.06,18.51,39790.0,7.4,16.2,198.06,125.22,47.5,1.09,3147.0,27088.0,18.16,80.54,6.51,108.34
Sweden,2005.0,ALL,1669.87,21.92,45770.0,7.8,15.9,193.83,124.25,47.92,0.91,3122.0,26478.0,17.73,80.82,6.53,108.02
Sweden,2006.0,ALL,1624.78,21.43,49150.0,7.1,14.5,200.42,122.03,48.3,0.88,3091.0,26223.0,16.79,81.05,6.81,107.69
Sweden,2007.0,ALL,1580.35,19.15,52310.0,6.2,14.0,203.45,121.94,48.63,1.15,3089.0,26196.0,16.98,81.19,6.98,107.05
Sweden,2008.0,ALL,1535.81,20.06,55720.0,6.1,15.0,222.93,125.61,48.9,0.77,3128.0,25862.0,16.35,81.35,7.02,108.93
Sweden,2009.0,ALL,1465.95,24.88,52640.0,8.4,14.3,209.4,127.33,49.13,0.91,3126.0,25653.0,15.04,81.6,7.31,107.66
Sweden,2010.0,ALL,1439.34,24.64,54630.0,8.6,13.6,150.66,129.79,49.31,0.98,3149.0,25566.0,14.54,81.76,7.38,108.49
Sweden,2011.0,ALL,1381.82,22.65,56700.0,7.8,13.1,152.1,132.29,49.44,0.75,3163.0,25566.0,13.84,81.99,7.31,107.76
Sweden,2012.0,ALL,1373.36,23.49,59090.0,8.0,12.8,154.73,134.35,49.56,0.67,3172.0,24927.0,12.56,81.9,7.23,105.86
Sweden,2013.0,ALL,1304.1,23.33,61800.0,8.0,10.7,153.04,130.49,49.65,0.81,3186.0,24905.0,12.69,82.11,7.32,108.84
Sweden,2014.0,ALL,1251.65,22.62,61870.0,7.9,11.9,154.64,135.03,49.75,0.83,3198.0,24603.0,11.97,82.44,7.2,108.08
